Authors,Title,Year,Volume,DOI,Abstract,Author Keywords,Document Type
"Souza de Alencar, M.; Göçmen, T.; Cutululis, N.A.",Flexible cable routing framework for wind farm collection system optimization,2026,329,10.1016/j.ejor.2025.07.069,"The wind farm cable routing problem is an important element of offshore wind power plant design optimization. The prohibition of cable crossings places it in a category of its own compared to related combinatorial optimization problems. A novel framework that systematizes implementing this constraint with benefits to solution quality and computational cost is presented. It reframes the problem with separate topological and embedding layers and relies on the insight that tree graphs are always embeddable on the plane. This reduces the number of constraints related to crossings and enables the use of non-straight connections without changing the problem size. Gains in solution quality are attained because the search space retains near-optimal solutions commonly excluded by crossing constraints in state-of-the-art approaches. Reductions in computational cost are obtained by concomitantly pruning unlikely connections from the search space. Moreover, the framework facilitates the application of vehicle-routing heuristics (unaware of crossings) to the cable routing problem by leveraging the empirical observation that most crossings involve feeder cables. Meta-heuristic- and branch-and-cut-based optimizers are used to demonstrate the framework, which is optimizer-agnostic. Comparative results with solutions from the literature show decreases in total cable length of 1.6 to 17%, while run times are at least 60-fold reduced. The framework's implementation is made fully available through an open-source license. The improved computational efficiency and solution quality achieved with the developed framework make it a valuable tool for optimizing offshore wind farm collection systems, potentially reducing cost, increasing feasibility, and allowing for faster design iterations. © 2025 The Authors",Collection system; Combinatorial optimization; Network design; Wind farm,Article
"Tao, S.; Yang, J.; Zheng, G.; He, R.; Feijóo-Lorenzo, A.E.",A two-stage optimization model for floating offshore wind farm layout and control,2025,253,10.1016/j.renene.2025.123614,"The effective planning of wind turbine (WT) positions in a wind farm (WF) plays a crucial role in capturing wind energy and increasing power generation. Control optimization of WT attitudes can also help reduce wake effects and increase power generation, thereby maximizing the annual electricity production (AEP) of a WF. In this paper, a two-stage optimization model is proposed for planning the stationary layout of floating offshore wind farms (FOWFs), as well as the positions and attitudes of the floating offshore wind turbines (FOWTs) via optimal control. In the first stage, a competitive particle swarm optimizer (CPSO) is employed to generate multiple FOWF layouts. In the second stage, the genetic algorithm (GA) is utilized to optimize the yaw angles and axial induction factors of the FOWTs for operation control. Unlike the existing approaches that address WT layout design and operation control sequentially and separately, the proposed method integrates these aspects to simplify the FOWTs operation and to improve their performances. Additionally, taking the movable characteristics of the FOWTs into consideration, the proposed model incorporates the positional movement of the FOWTs under varying wind conditions, making the power calculations more realistic. Case studies demonstrate that compared with the traditional layout-only optimization, the proposed two-stage optimization model can help increase the AEP of the FOWFs by 4.72 %. © 2025 Elsevier Ltd",Competitive particle swarm optimizer; Floating offshore wind farm; Floating offshore wind turbine; Layout and control; Two-stage optimization model,Article
"He, J.; Dong, L.; Ge, M.",TOPOLOGY OPTIMIZATION OF LARGE-SCALE OFFSHORE WIND FARM POWER COLLECTION SYSTEM; 大型海上风电场集电系统拓扑优化研究,2025,46,10.19912/j.0254-0096.tynxb.2024-0245,By improving the constraint conditions of the traditional mixed-linear integer programming model and introducing optional path pre-reduction and dynamically generated non-crossing constraints of cables，a path planning method for the collector system suitable for large-scale offshore wind farms is proposed. The case test shows that the cost of the optimized wind farm collection line is reduced by 7.27%. The improved model significantly reduces the storage space requirement and solution time，and greatly enhances the computational efficiency. © 2025 Science Press. All rights reserved.,electric cable laying; mathematical programming; mixed-integer linear programming; offshore wind farms; path planning; topology optimization,Article
"Hu, P.; Yuan, X.",A Method for Detecting Buried Depth of Submarine Cables in Offshore Wind Power Based on Steady-State Magnetic Field Characteristics,2025,,10.1109/NETPS65392.2025.11102083,"Offshore wind power is critical for carbon emission reduction and energy structure transformation. Submarine cables, critical infrastructure for offshore wind systems, exhibit operational reliability inherently linked to power transmission efficiency, with buried depth identified as a key monitoring parameter. Conventional detection methods(acoustic and magnetic) are inherently constrained by algorithmic constraints, requiring preplanned S-shaped scanning along survey lines to measure buried depth only at intersection points, while results are prone to geomagnetic and magnetic interference. This paper presents a steady-state magnetic field-based technique for continuous buried depth detection along cable routes. By using a three-axis fluxgate sensor to measure the cable-generated magnetic field, the vertical distance from the sensor to the cable is derived. Fusing this with bathymeter data thus enables precise buried depth calculation. Offshore experiments validated the method's accuracy. The proposed approach achieves efficient, interference-resistant buried depth detection, reducing survey time and enhancing operational efficiency. It provides theoretical support for advancing cable route positioning, fault localization, and marine equipment development, thereby lowering offshore wind maintenance costs and improving power generation benefits. © 2025 IEEE.",buried depth; Magnetic field; Offshore wind power; Submarine cable; Three-axis fluxgate,Conference paper
"Yuan, S.; Tang, K.",Application of an Improved Ant Colony Optimization Algorithm to Wind-Farm Topology Design,2025,,10.1109/ICSP65755.2025.11086778,"As modern wind farms scale up, an optimal configuration of intra-farm submarine cables has become pivotal to both capital expenditure and operational efficiency. Conventional routing techniques rarely incorporate the full suite of real-world constraints, leading to unnecessary costs and construction challenges. To overcome these limitations, we formulate a cable-routing optimisation model that explicitly minimises total expenditure while embedding practical restrictions such as cable-capacity limits, branch-access regulations, non-crossing requirements, and branch-count control to guarantee topological feasibility. Building on this model, we introduce a Hybrid Particle Swarm Optimiser with Genetic Inheritance (YPSO). The proposed algorithm augments the canonical particle-swarm update rules with structural inheritance and parent-learning strategies, thereby reinforcing global exploration and stabilising convergence. A comprehensive benchmark against three state-of-the-art methods - standard PSO, Kinetic-Energy-Compensated PSO (DPSO), and Adaptive PSO (ZPSO) - demonstrates pronounced differences in convergence speed, structural rationality, and cost control. Empirical results show that YPSO consistently outperforms competing algorithms in layout compactness, branch organisation, and objective-function optimisation, achieving an average cable-routing cost reduction of 3.82 % across multiple test cases while maintaining excellent stability and robustness. The proposed modelling approach and optimisation strategy thus provide an effective decision-support framework for the practical design of wind-farm cabling systems © 2025 IEEE.",electrical-system topology; genetic algorithm (GA); offshore wind farm; particle swarm optimization (PSO),Conference paper
"Jiangyi, L.; Huo, H.; Qian, Z.",Topology Optimization of Offshore Wind Farm Collection System Based on Priority Queue Esau-Williams Algorithm,2025,1397 LNEE,10.1007/978-981-96-4059-1_26,"This paper presents an optimization method for addressing the topology optimization problem of offshore wind farm collection systems. First, a comprehensive cost model is developed, encompassing cable investment costs, initial construction costs, and failure opportunity losses. Second, the Priority Queue Esau-Williams (EW) algorithm, previously introduced in [1], is employed to enhance the flexibility of the traditional EW algorithm and improve the convergence of total weight. The algorithm is further extended by incorporating a simple, precise, and widely applicable cross-product method for cable crossing detection, ensuring compliance with subsea cable crossing prevention constraints while maintaining the practical feasibility of cable installation. On this basis, the paper further explores topology optimization under practical engineering constraints, such as cable capacity limits and subsea cable voltage constraints. To further reduce costs, the model integrates hybrid turbine and cable selection strategies. Finally, a case study is conducted based on the actual layout of the Walney Offshore Wind Farm. The results demonstrate that the proposed optimization method effectively reduces the construction and operational costs of offshore wind farm collection systems, significantly enhancing their economic efficiency and reliability. © The Author(s), under exclusive license to Springer Nature Singapore Pte Ltd. 2025.",Collection System; Crossing Prevention Constraint; Esau-Williams Algorithm; Offshore Wind Farm; Priority Queue; Topology Optimization,Conference paper
"Jiang, Z.; Li, H.; Yang, H.; Wu, H.; Liu, W.; Chen, Z.",Review of Artificial Intelligence-Based Design Optimization of Wind Power Systems,2025,5,10.3390/wind5030018,"This paper reviews the applications of artificial intelligence (AI) in the design optimization of wind power systems, mainly including (1) wind farm layout optimization; (2) wind turbine design optimization; and (3) wind farm electrical system design optimization. Firstly, this paper introduces the general considerations in the optimal design of wind power systems and the AI methods commonly used for the optimal design of wind power systems. Then the applications of AI in the optimal design of wind farms are reviewed in detail. Finally, further research directions of using AI methods in the optimal design of wind power systems are recommended. © 2025 by the authors.",artificial intelligence; electrical collection systems; genetic algorithm; particle swarm algorithm; wind farm layout; wind turbine,Review
"Vilajuana Llorente, S.; Rapha, J.I.; Kallinger, M.D.; Domínguez-García, J.L.",Floating Offshore Wind Farm Inter-Array Cabling Topology Optimisation with Metaheuristic Particle Swarm Optimisation,2025,7,10.3390/cleantechnol7040110,"Floating offshore wind is now receiving much attention as an expansion to bottom-fixed, especially in deep waters with large wind resources. In this regard, improving the performance and efficiency of floating offshore wind farms (FOWFs) is currently a highly addressed topic. The inter-array (IA) cable connection is a key aspect to be optimised. Due to floating offshore wind (FOW) particularities such as dynamic cable designs, higher power capacities, and challenging installation, IA cabling is expected to be a primary cost driver for commercial-scale FOWFs. Therefore, IA cabling optimisation can lead to large cost reductions. In this work, an optimisation with an adaptive particle swarm optimisation (PSO) algorithm for such wind farms is proposed, considering the floating substructures’ horizontal translations and its impact on the dynamic cable length. The method provides an optimised IA connection, reducing acquisition costs and power losses by using a clustered minimum spanning tree (MST) as an initial solution and improving it with the PSO algorithm. The PSO achieves a reduction in the levelised cost of energy (LCOE) between 0.018% (0.022 EUR/MWh) and 0.10% (0.12 EUR/MWh) and a reduction in cable acquisition costs between 0.18% (0.3 M EUR) and 1.34% (3.8 M EUR) compared to the initial solution, showing great potential for future commercial-sized FOWFs. © 2025 by the authors.",cabling optimisation; clustering; dynamic cables; floating wind; levelised cost of energy; particle swarm optimisation; power losses,Article
"Jin, R.; Hou, P.; Qi, Y.; Huang, Z.; Chen, Y.; Li, H.; Cai, X.",Joint planning of distribution and transmission system for offshore wind farms integrated with hydrogen production platforms,2025,398,10.1016/j.apenergy.2025.126383,"With the growing sophistication of offshore wind technology, the development of offshore wind‑hydrogen system is evolving as a cost-efficient approach to harnessing far offshore wind resource. However, the costs associated with inter-array cables, the offshore hydrogen production platform (OHPP) and the hydrogen pipeline constitute a substantial portion of the capital expenditure (CAPEX) for this hybrid system, underscoring the critical need for optimization in the distribution and transmission system design of offshore wind‑hydrogen system. In this study, we introduce an integrated design model for the distribution and transmission system of this hybrid system, considering local wind conditions and various hydrogen production efficiencies, with the aim of minimizing investment cost, expected power losses cost and expected fault loss cost. Given the complexity of this problem, we employ a double-layer framework for solutions. The upper layer utilizes rigorous mathematical proofs to clarify the relationship between optimal OHPP capacity and its location. Meanwhile, the lower layer addresses a nonconvex mixed-integer nonlinear programming (MINLP) problem for jointly optimizing the cable connection layout and OHPP position. Due to its intractability, we construct a relaxed mixed-integer second-order cone programming (MISOCP) model and rigorously prove that its optimal solution aligns with that of the original problem. In our computational experiments, we found that the integrated design model reduces expected costs by an average of 3.88 % compared to solving subproblems separately. Compared with other optimization methods, our optimization framework is both concise and efficient, capable of finding a globally optimal solution within an acceptable timeframe. Lastly, sensitivity analysis reveals that even a slight increase in hydrogen production efficiency can significantly reduce expected costs, each 1 % improvement in efficiency reduces total cost by 0.94 %. © 2025 Elsevier Ltd",Hydrogen production efficiency; Hydrogen production platforms; Offshore wind farms; Wind conditions,Article
"Zheng, Z.; Pan, Z.; Yao, Z.; Tan, H.; Wang, F.; Xu, J.",Multi-parameter and multi-objective optimization of hydroforming loading paths: a study on instrument panel tube beam design based on NSGA-II,2025,47,10.1007/s40430-025-05500-5,"As a key structure of the vehicle, the instrument panel tube beam (IPTB) plays a critical role in improving the safety and comfort of the interior. Therefore, the hydroforming method should be used to fabricate similar tubular automotive parts to improve the machining efficiency and reduce the weight of the parts. The hydroforming process is mainly affected by axial feed and internal pressure (IP), in which the thickening and thinning rates are important hydroforming quality inspection indexes. In this paper, the effects of axial feed rate (AFR) and IP loading path on the hydroforming of IPTB are investigated by numerical analysis and experimental tests. A multi-objective optimization method is used to obtain the optimal loading path that meets both forming quality and processing feasibility. The traditional theoretical analysis combined with experimental analysis for loading path optimization requires a large number of theoretical foundations and experiments, which increases the optimization cost. Finite element (FE) simulation combined with multi-objective optimization method overcomes this drawback by using FE model instead of real experiments, which improves the efficiency while reducing the optimization cost. In this paper, a fast and elitist non-dominated sorting genetic algorithm (NSGA-II) is used to complete the multi-objective optimization of the loading path by setting 14 AFR control parameters and 12 IP control parameters, LS-DYNA and Python are integrated to complete the automated optimization searching, and a total of 13 independent Pareto optimal loading paths are obtained. The optimized loading paths effectively improve the thickness uniformity of the support plate in the middle of the IPTB and reduce the risk of wrinkling and cracking in the left transition section. Finally, a hydroforming validation is completed using the fitted loading path, which further demonstrates the accuracy of the method in loading path optimization. The multi-objective optimization design of the loading path of process parameters in the hydroforming of IPTB has been developed to obtain optimal parameter combinations, thereby providing theoretical guidance for the selection of processing parameters in actual production. © The Author(s), under exclusive licence to The Brazilian Society of Mechanical Sciences and Engineering 2025.",Hydroforming; IPTB; Loading path; NSGA-II; Optimization,Article
"Zhou, Z.; Lin, Z.; Ma, Y.; Niu, J.; Liu, J.; Wang, X.",Optimal design of colour formulation prediction for cotton fabrics based on NSGA-II and TOPSIS,2025,141,10.1111/cote.12749,"The prediction of colour formulation is an important step in reproducing the target colour. At present, there are relatively few researches on multi-objective colour formulation problem, and the colour matching accuracy needs to be improved. In this research, a multi-objective evolutionary meta-heuristic method based on the Fast and Elitist Multi-objective Genetic Algorithm (NSGA-II) was proposed to predict the target colour recipes. The method used dye concentration as a variable and included three objective functions: (1) minimising the CMC (Colour Measurement Committee) colour difference between the formulation colour and the target colour, (2) minimising the metamerism index, and (3) minimising the cost of the formulation. The algorithm could obtain the Pareto optimal solution set after iteration. On this basis, the best combination of formulations was selected from the optimal solution set by combining the Expert Scoring Method (ESM), Entropy Weight Method (EWM) and the Technique for Order Preference by Similarity to Ideal Solution (TOPSIS). The prediction effect of the model was evaluated by taking cotton fabrics and reactive dyes actually used in plant as examples. The results showed that 87.5% of the formulations met the CMC colour difference value of no more than 1, the metamerism index of 90.0% of the formulations did not exceed 1, and the cost of 92.5% of the formulations was reduced relative to the maximum extent in the Pareto optimal solution set. Further studies should be focused on removing duplicate individuals to give better diversity in the Pareto optimal solution set. © 2024 Society of Dyers and Colourists.",,Article
"Amaro Pinazo, M.",New genetic gray wolf optimizer with a random selective mutation for wind farm layout optimization,2024,10,10.1016/j.heliyon.2024.e40135,"The wake effect is a relevant factor in determining the optimal distribution of wind turbines within the boundaries of a wind farm. This reduces the incident wind speed on downstream wind turbines, which results in a decrease in energy production for the wind farm. This paper proposes a novel approach for optimizing the distribution of wind turbines using a new Genetic Gray Wolf Optimizer (GGWO). The GGWO employs a teamwork model inspired by wolf prey hunting, guided by four leaders: Alpha, Beta, Delta, and Omicron wolves, each with different hierarchical weights. To improve the competitiveness of the wolves, GGWO utilizes genetic algorithm operators such as crossover blending, normal mutation, and a new genetic operator called Random Selective Mutation (RSM), which improves solution search efficiency. The proposed GGWO is compared to other algorithms such as Gray Wolf Optimizer (GWO), Particle Swarm Optimization (PSO), Artificial Bee Colony (ABC), and Ant Colony Optimization (ACO). The studies examine varying wind speeds in magnitude and direction throughout the year, as well as different wind farm boundaries. The outcomes show that GGWO successfully identifies the ideal locations for wind turbines, scoring better scores in terms of total simulation duration and annual energy generation for the wind farm. It surpasses the performance of GWO, ABC, and PSO algorithms and exhibits comparable competitiveness with more intricate algorithms like ACO. © 2024 The Author",Annual energy production; Genetic algorithms; Genetic gray wolf optimizer; Random selective mutation; Wake effect; Wind farm layout optimization,Article
"Qian, H.; Li, K.; Xu, Q.; Qi, S.; Ni, Y.; Li, F.",Topology Optimization of Large-Scale Offshore Wind Power Collection System Based on Graph Genetic DMST,2024,12,10.1109/ACCESS.2024.3478339,"This paper proposes a graph genetic dynamic minimum spanning tree (DMST) optimization method for the layout designing of large-scale offshore wind farm collector system to minimize total lifecycle cost, considering both current carrying capacity and cable crossing avoiding (CCA) constraints. In this method, DMST is used to generate an initial feasible solution, ensuring a high-quality and reasonable solution at the first. Then Graph Genetic Algorithm (GGA) is applied to optimize these feasible solutions. A partitioning approach is employed to effectively reduce the complexity of the problem. This method can quickly find solutions with low total lifecycle costs while ensuring the feasibility and quality of the solution. Meanwhile, the proposed method is compared with DMST and particle swarm optimization (PSO) based algorithm, and its effectiveness and efficiency are validated through case studies of offshore wind farm projects, especially for large-scale wind farms. © 2024 The Authors.",cable crossing avoiding; dynamic minimum spanning tree; graph genetic algorithm; Offshore wind power collection; topology optimization,Article
"MacHado, M.O.; Fernandes, I.F.D.C.; Maia, S.M.D.M.; Goldbarg, E.F.G.",A hybrid multi-agent metaheuristic for the offshore wind farm cable routing problem,2024,255,10.1016/j.eswa.2024.124668,"A crucial task concerning offshore wind farm designs is connecting previously placed turbines to a substation, such that the total cable cost is minimal. An NP-hard optimization problem named Wind Farm Cable Routing Problem (WFCRP) models this task. Previous studies have proposed Mixed Integer Linear Programming formulations (MILP) and metaheuristics for the WFCRP. However, they faced difficulties in solving instances with many turbines. Hybridization is a widely-explored approach that has produced better solutions as it combines the best features of individual algorithms. This paper proposes a hybrid algorithm for the WFCRP that combines four state-of-the-art metaheuristics and a MILP formulation. The hybridization technique uses multi-agent and Particle Swarm Optimization concepts, where particles are cooperative agents that work together to find high-quality solutions. Experimental results on instances with up to 120 turbines show that the proposed hybrid algorithm outperforms the best algorithm from the WFCRP literature. © 2024 Elsevier Ltd",Cable routing problem; Mathematical programming; Metaheuristics; Multi-agent hybridization; Wind farm optimization,Article
"Konatham, R.S.; Chele, R.; Voruganti, H.K.; Gautam, S.S.",Multi-objective shape optimization of fin using IGA and NSGA-II,2024,46,10.1007/s40430-024-05230-0,"Fins are extensively used in combustion chambers, electronic devices, heat exchangers, etc., to improve the heat transfer between a solid surface and the surrounding. There are two ways in which heat can transfer from a fin to its surroundings: conduction and convection. The cross-sectional area of the fin and the temperature gradient determine how much heat is transferred by conduction. Convection heat transfer is influenced by the surface area of the fin and temperature differentials. The performance of fin can be measured by multiple criteria such as efficiency, heat transfer, and effectiveness. Among these, efficiency and heat transfer are more important criteria for fin performance. The fin can have different shapes with respect to chosen criteria. The present study numerically investigates how the shape of the one-dimensional (1D) fin affects heat transfer and efficiency. Multi-objective optimization technique is chosen for getting optimum shape which satisfies both max heat transfer and efficiency. Traditional finite element method (FEM) requires a large number of nodes, to accurately represent the shape of the fin, and this increases the computational time. Isogeometric analysis (IGA), which overcomes this drawback of FEA methods, is used in the present work to solve the fin problem because it can accurately capture the geometry with fewer control points, thereby reducing the computational time. Moreover, another advantage of IGA is that the design, analysis, and optimization models are all consistently defined by NURBS, allowing for easy interaction between the three models and resulting in a smooth boundary. In the present work, a fast and elitist non-dominated sorting genetic algorithm (NSGA-II) is used to determine a set of multiple optimum solutions. Two types of fins are considered: a conical fin and a variable cross-section rectangular fin. The results of the conical fin are reported and compared with the previous literature, and they are found to be in good agreement. The optimization of a variable rectangular fin profile resulted in four distinct Pareto-optimal solutions, balancing maximum efficiency and heat transfer. The Pareto set includes a maximum heat transfer of 22.498 for Shape A and a maximum efficiency of 71% for Shape D. © The Author(s), under exclusive licence to The Brazilian Society of Mechanical Sciences and Engineering 2024.",1D heat transfer; Conical fin heat transfer rate; Fin efficiency; Isogeometric analysis; NSGA-II; NURBS; Optimization; Rectangular fins,Article
"Qureshi, T.A.; Warudkar, V.",Wind farm layout optimization through optimal wind turbine placement using a hybrid particle swarm optimization and genetic algorithm,2023,30,10.1007/s11356-023-27849-7,"The placement and configuration of wind turbines (WTs) are the key factors in determining the performance and energy output of a wind farm (WF). This involves considering various elements such as wind speed, wind direction, and the interspacing between turbines in the design process. To achieve an optimized and consistent wind farm layout optimization (WFLO) for maximum output power, a novel hybrid algorithm hybrid particle swarm optimization and genetic algorithm (HPSOGA), combining particle swarm optimization (PSO) and genetic algorithm (GA), is proposed. HPSOGA can effectively handle problems with multiple local optima, as PSO explores multiple regions and GA refines solutions found by PSO. The framework has two phases, where PSO improves initial parameters in the first phase, and parameters are adjusted in the second phase for improved fitness. The wake effect is analyzed using the Jenson-Wake model, and the objective function considers the total cost of WTs and the power output of the WF. The interspacing of WTs is evaluated by the rule of thumb. HPSOGA outperforms other methods such as GA, BPSO-TVAC, L-SHADE, BRCGA, and EO-PS, producing better results in terms of total output power generation. The simulation results validate the reliability of HPSOGA in WFLO. © 2023, The Author(s), under exclusive licence to Springer-Verlag GmbH Germany, part of Springer Nature.",Genetic algorithm; Particle swarm optimization; Wind farm; Wind farm layout optimization; Wind turbine,Article
"Tan, H.; Li, H.; Xiang, X.; Zhang, X.; Yao, R.; Zhou, Z.; Zheng, J.",Characterization of static voltage stability region of offshore wind farms considering submarine cable capacitance parameters and converter saturation,2023,150,10.1016/j.ijepes.2023.109095,"Accurately characterizing the static voltage stability region (SVSR) is the key to ensure the safe and stable operation of offshore wind farms (OWFs). However, the traditional SVSR evaluation methods ignore the influence of capacitance parameters, and the stability criteria fail after d-axis current saturation, leading to a large deviation in the evaluation results. Therefore, this paper proposes an improved method to characterize the SVSR of OWFs, which takes the cable capacitance parameters and the saturation effect of the converter into account. Firstly, based on the equivalent circuit method, the power common connection (PCC) voltage charact- erization model considering cable capacitance parameters was derived. Then, the DC voltage stability was defined to describe the static voltage instability caused by the current limiting of the converter. The SVSR constraints are summarized into three categories: power flow stability, DC voltage stability and dq-axis stability, and stability criteria are designed according to different stability. Based on the method of intersection of multiple stability regions and Z-plane projection, the SVSR is characterized. Finally, the influence of different parameter settings on the SVSR is analyzed, and the accuracy of the proposed method is verified by RT-Lab experimental platform. © 2023 Elsevier Ltd",Cable capacitance; Converter saturation; Offshore wind farm; Stability criteria; Static voltage stability region,Article
"Shen, X.; Wu, Q.; Zhang, H.; Wang, L.",Optimal Planning for Electrical Collector System of Offshore Wind Farm With Double-Sided Ring Topology,2023,14,10.1109/TSTE.2023.3241357,"We propose a planning method for offshore wind farm electrical collector system (OWF-ECS) with double-sided ring topology meeting the 'N-1' criterion on cable faults, in which the submarine cables layout of OWF is optimized considering cable length and power losses. The proposed mixed-integer quadratic programming (MIQP) model is based on the Capacitated Vehicle Routing Problem (CVRP) formulation and power network expansion planning, which could approximate the power losses in OWF-ECS. In addition, cross-avoidance constraints are proposed to avoid crossing cables, and the minimum k-degree center tree model is included to improve the convergence. Case studies on OWFs with 30 and 62 WTs demonstrate the effectiveness of the proposed method. Considering the potential outage cost in the radial topology, the total cost of the planning result is reduced by up to 25.9% with reliability improvement. The cable investment is reduced by 4%∼8% with the proposed method compared with conventional heuristic methods and Google OR-tools. The proposed method/model can also achieve acceptable computation efficiency and OWF-ECS planning results with good optimality. Moreover, it could be solved by modern commercial solvers/optimization software, thus it's easy to use even for large-scale OWF. © 2010-2012 IEEE.",Electrical collector system; mixed integer programming; N-1 criterion; offshore wind farm,Article
"Ye, J.; Zhou, G.; Zhang, L.; Yang, L.; Zhai, X.; Cai, J.",Path Optimization of Submarine Cables for Offshore Wind Farm Considering Feeder Crossing Avoidance; 考虑馈线交叉规避的海上风电场海缆路径优化,2023,56,10.11930/j.issn.1004-9649.202201026,"The topology optimization of power collection in offshore wind farms is a large-scale non-convex and nonlinear optimization problem, for which it is difficult to obtain the optimal solution. It is therefore divided into two parts: internal topology optimization and feeder path optimization. Inside the partition, the optimal topology mode is obtained by taking economy as the objective function with consideration of submarine cable selection. In the feeder part, aiming at the submarine cable crossing problem, a partition regularization scheme is proposed with consideration of the actual construction engineering constraints of the wind turbines. By using the improved Dijkstra algorithm, the transition from the traditional line-line intersection judgment to the line-surface intersection judgment is realized, and the situation that the crossover experiment cannot judge the submarine cable crossing is avoided. Finally, a case study of two offshore wind farms is studied and the proposed algorithm is compared with other topological results, which has proved the feasibility and superiority of the proposed algorithm. © Automation of Electric Power Systems Press. All Rights Reserved.",collection system; feeder; improved Dijkstra algorithm; large-scale offshore wind farm; topology optimization,Article
"Peréz-Rúa, J.-A.",Solver-free heuristics to retrieve feasible points for offshore wind farm collection system,2023,55,10.1080/0305215X.2022.2108027,"A set of solver-free heuristics for the offshore wind collection system problem is presented. Currently, algorithms of this type are not able to cope with relevant constraints when explicitly minimizing for investment cost. The first algorithm is a two-step decision process of which the output is a tree network satisfying cable thermal limits, but vulnerable to violate planarity constraints. A cable crossings repair heuristic is then introduced in order to fix infeasible points from the first heuristic. Finally, the negative cycle cancelling refining heuristic takes over to improve feasible points. The latter iteratively swaps connections, intending to find cycles with negative costs to reduce investment expenditure. The applicability of the workflow is empirically demonstrated through a set of large-scale real-world offshore farms. Results indicate that: (i) feasible points can be retrieved in a computing time of seconds; and (ii) warm starting can help global optimization solvers to converge significantly faster for hard problems. © 2022 The Author(s). Published by Informa UK Limited, trading as Taylor & Francis Group.",heuristics; integer programming; medium voltage network; Offshore wind,Article
"Ma, Y.; Xie, K.; Zhao, Y.; Yang, H.; Zhang, D.",Bi-objective Layout Optimization for Multiple Wind Farms Considering Sequential Fluctuation of Wind Power Using Uniform Design,2022,8,10.17775/CSEEJPES.2020.03350,"The fluctuation of wind power brings great challenges to the secure, stable, and cost-efficient operation of the power system. Because of the time-correlation of wind speed and the wake effect of wind turbines, the layout of wind farm has a significant impact on the wind power sequential fluctuation. In order to reduce the fluctuation of wind power and improve the operation security with lower operating cost, a bi-objective layout optimization model for multiple wind farms considering the sequential fluctuation of wind power is proposed in this paper. The goal is to determine the optimal installed capacity of wind farms and the location of wind turbines. The proposed model maximizes the energy production and minimizes the fluctuation of wind power simultaneously. To improve the accuracy of wind speed estimation and hence the power calculation, the time-shifting of wind speed between the wind tower and turbines' locations is also considered. A uniform design based two-stage genetic algorithm is developed for the solution of the proposed model. Case studies demonstrate the effectiveness of this proposed model. © 2015 CSEE.",bi-objective optimization; uniform design; Wind farm layout optimization (WFLO); wind power fluctuation,Article
"Ogunjuyigbe, A.S.O.; Ayodele, T.R.; Bamgboje, O.D.",Optimal placement of wind turbines within a wind farm considering multi-directional wind speed using two-stage genetic algorithm,2021,15,10.1007/s11708-018-0514-x,"Most wind turbines within wind farms are set up to face a pre-determined wind direction. However, wind directions are intermittent in nature, leading to less electricity production capacity. This paper proposes an algorithm to solve the wind farm layout optimization problem considering multi-angular (MA) wind direction with the aim of maximizing the total power generated on wind farms and minimizing the cost of installation. A twostage genetic algorithm (GA) equipped with complementary sampling and uniform crossover is used to evolve a MA layout that will yield optimal output regardless of the wind direction. In the first stage, the optimal wind turbine layouts for 8 different major wind directions were determined while the second stage allows each of the previously determined layouts to compete and inter-breed so as to evolve an optimal MA wind farm layout. The proposed MA wind farm layout is thereafter compared to other layouts whose turbines have focused site specific wind turbine orientation. The results reveal that the proposed wind farm layout improves wind power production capacity with minimum cost of installation compared to the layouts with site specific wind turbine layouts. This paper will find application at the planning stage of wind farm. © 2017, Higher Education Press.",genetic algorithm; optimal placement; wake effect; wind direction; wind turbines,Article
"Mahmoud, R.M.A.; Fayad, H.; Dodds, P.E.",Repurposing of Offshore Oil and Gas Cables for Renewable Generation: Feasibility and Conceptual Qualification,2021,,10.4043/30933-MS,"Wind farms are expected to be deployed in the North Sea in increasing numbers and at ever greater distances from land, over the coming decades. Many nearby oil and gas fields have reached or are near the end of their lifespans, and their operators are eager to explore innovative ways to reduce decommissioning costs. One possibility would be to repurpose some of their infrastructures for use by wind farms, which would both delay decommissioning and reduce the wind farm capital costs. This paper investigates the potential for repurposing existing submarine power cores in decommissioned oil and gas fields as transmission cables for offshore renewables. Offshore power cables generally have longer lifetimes than are needed to deplete hydrocarbon reservoirs. Cable transmission capacity could be too low to provide the main connection to wind farms, but there is scope to increase capacity or use cables as auxiliary connections. A qualification methodology is proposed to assess whether existing cables might be usefully repurposed. Repurposing cables has an impact on renewable project capital expenditure (CAPEX) and levelised cost of energy (LCOE), it also positively affects decommissioning cost and the environment. The qualification methodology provides a cost-effective initial appraisal prior to field testing. © 2021, Offshore Technology Conference. All rights reserved.",Decommissioning; Energy Transition; Offshore Facilities; Repurposing; Submarine Cable,Conference paper
"Karabulut, I.; Alabas-Uslu, C.",Optimization of cable layout designs for large offshore wind farms,2020,44,10.1002/er.5336,"Installation of a wind farm exposes several problems such as site selection, placement of wind turbines in the site, and designing of cable infrastructure within the farm. The latter problem, called cable layout design, is the determination of cable connections among turbines and one or more transmitters such that energies generated by turbines will be sent through the cable routes, and eventually gathered at the transmitter(s). This problem is especially important for offshore wind farms where the featured and expensive cables are used. The main objective of the present study is to address the cable layout design problem of offshore wind farms to reduce cable costs in the design using optimization-based approaches. The problem, firstly, is modelled as a mixed integer linear program (MIP) under a set of real-life constraints such as different cable and transmitter types and non-crossing connections between the turbines. Then, a novel mathematical model, which is a modification of the MIP model by imposing several heuristic rules, is proposed to solve the layout problem of large offshore wind farms. Experiments on a set of small- and moderate-sized test instances reveal that the heuristic model, MIP_H, reduces the computer time nearly 55% compared to that of MIP model while the average cable costs generated by the models are close to each other. MIP_H, besides its efficiency, provides more cost-effective layouts compared to MIP model for large-sized real-life examples. Additionally, a comparative study on MIP_H and existing methods in the literature shows that MIP_H is able to solve all instances of the real-life examples providing less cable costs in average. © 2020 John Wiley & Sons Ltd",cable layout; cable routing; integer programming; wind farm optimization,Article
"Tahery, H.; Kucuksari, S.",DC Collection System Layout Optimization for Offshore Wind Farm,2020,2020-October,10.1109/TD39804.2020.9299919,"DC collection system for an offshore wind farm has become an alternative to AC system. Since the DC system requires high-cost converter technology to be integrated to existing AC grid, the cost of overall system becomes a concern. Submarine XLPE collection cable connecting wind turbines with substation is part of the electrical system cost. Effective cable layout design and right cable size selection can contribute to cost reduction. This paper presents a DC collection system layout optimization for offshore wind farm using Genetic Algorithm and Traveling Salesman Problem. The cable cost is minimized as an objective function considering cable power losses, cable cross-section, and cable length. Case studies are conducted considering fix substation locations and optimum number of feeders are identified. Results are compared with optimized AC layout in an earlier study and show that DC collection system cable cost has superiority over AC system cost. © 2020 IEEE.",DC collection system optimization; Genetic Algorithm; Offshore wind farm; Travelling Salesman Problem,Conference paper
"Liang, C.; Zhang, J.; Liu, Y.; Yan, J.; He, W.",Research on the Influence of Development Scenarios on the OLCOE of Wind Power: A Case Study of China,2020,2020,10.1155/2020/3297050,"To achieve a high penetration of renewable energy, wind power development in China has gradually moved to diverse manifestation (e.g., centralized onshore, low wind speed, and offshore wind power). However, preexisting studies regarding wind power cost neglect to consider the respective characteristics of different development scenarios. In this paper, the overall levelized cost of energy (OLCOE) model is established for different scenarios. Taking China's wind farm data as an example, the impact of development scenarios and wind power permeability on OLCOE and its cost components is quantitatively analysed. The results show that, (1) in the low penetration scenario, low wind speed power has the best economy and is beneficial to the conventional units; (2) the large-scale development of offshore wind power requires a reduction in the cost of offshore wind turbines and submarine cables; and (3) at present, onshore centralized wind power has economic advantages, but there is little room for its cost reduction. © 2020 Chao Liang et al.",,Article
"Arrambide, I.; Zubia, I.; Madariaga, A.",Re-optimizing array cable systems in offshore wind farms using 66 kv voltage,2020,18,10.24084/repqj18.212,"As offshore wind energy production is taking part of overall strategy in different countries´ energy mixes, significant cost reductions are needed. One of the key improvements is stepping up inner field voltage from 33 kV to 66 kV. This work presents an inter-array power losses analysis taking into account transition to 66 kV cables instead of usual well known 33 kV solution. This paper covers and compares classical collector system voltage at 33 kV with the new 66 kV voltage level besides new optimization of collector system. Losses distribution is calculated according to IEC 60287 international standard. © European Association for the Development of Renewable Energy, Environment and Power Quality (EA4EPQ). All rights reserved.",33/66 kV; Inner-array system; LCoE; Offshore wind farm; Power losses,Article
"Jin, R.; Hou, P.; Yang, G.; Qi, Y.; Chen, C.; Chen, Z.",Cable routing optimization for offshore wind power plants via wind scenarios considering power loss cost model,2019,254,10.1016/j.apenergy.2019.113719,"Offshore wind power plants have been considered as one of the fastest-growing types of renewable energy technologies that is superior to the onshore wind farms with low impacts on habitat, better wind condition, higher energy efficiency, etc. The cost of submarine cables takes a significant proportion of the overall capital cost for a large-scale offshore wind farm, rendering the task of optimization of electrical infrastructure a critical role in modern wind farm design. With the increasing capacity and offshore distance, the impact of power losses in the cables on the economic performance of the wind farm becomes significant. Therefore, both the investment on the cables and the cost from the associated energy loss need to be considered in the optimization model. In this work, a detailed power loss cost model accounting for the wake effect's impact on the wind turbine output is proposed. The cable cost and the associated power losses cost are considered in the objective function. The offshore substation location, cable connection layout, and cable sectional area are optimized simultaneously while ensuring an uncrossed cable connection layout via a line segment intersection detection algorithm. Due to the non-convexity of the optimization model, an adaptive particle swarm optimization algorithm is adopted. The proposed method was validated through a case of a real offshore wind farm, where the simulation results show that the cable connection layout formulation and sectional area selection varies significantly when different power loss model is applied. A 3.14% total cost reduction can be achieved by using the proposed method compared with the case without the power loss model. © 2019",Cable connection layout; Evolutionary algorithm; Nonconvex; Offshore wind farm; Power loss; Wake effect,Article
"Wang, L.; Wu, J.; Tang, Z.; Wang, T.",An integration optimization method for power collection systems of offshore wind farms,2019,12,10.3390/en12203965,"The traditional power collection system design separately optimizes the connection topology and the cable cross sections, which may result in the inherent shortcoming of lacking the most economical solutions. In this pursuit, the present work envisages the development of an integrated design method for general wind farm power collection systems, which integrated the coupling random fork tree coding, union-find set loop identification, current and voltage drop calculation models, and a high performance optimization algorithm. The proposed coupling random fork tree coding, for the first time, realized the coupling code of the substation location, connection topology, and cable cross sections, providing the basis for the integration design of the power collection system. The optimization results for discrete and regular wind farms indicated that the proposed integration method achieved the best match of topology, substation location, and the cable cross sections, thus presenting the most economical scheme of the power collection system. Compared to the traditional two-step methods, the integration method used more branches while acquiring them, to maintain the lower number of wind turbines in each branch. Furthermore, it also employed large cross-section cables to reduce the energy loss caused by the impedance in the topology, thereby resulting in a slight increased cable cost; however, the total cost was minimized. The proposed method is very versatile and suitable for the optimization of power collection systems containing any number of wind turbines and substations, and can be combined with any evolutionary algorithm. © 2019 by the authors.",Cable cross sections; Connection topology; Integration design method; Offshore wind farm; Power collection system design,Article
"Tahery, H.; Kucuksari, S.",Offshore Wind Farm Collection Cable Layout Optimization through Cost Minimization,2019,,10.1109/NAPS46351.2019.9000348,"Offshore wind farms' annual energy yield is higher compared to their counterparts at onshore. However, their investment costs are also high due to high capital expenditure cost components such as offshore platform and turbine foundations. Optimally designed collection cable layout can help reduce the overall investment cost. This paper presents a collection cable layout optimization using Travelling Salesman Problem and Genetic Algorithm. The objective function is to reduce the cost of submarine collection cables and their power losses. Two different substation locations are considered for an offshore wind farm with 25 turbines to investigate the effect of different substation locations on the collection cable cost and cable power losses. In addition, the optimum number of feeders is identified together with right cable size (cross-section) for each feeder that minimizes the collection cable costs and power losses. Results show that collection cable costs can be minimized with the optimum cable layout. © 2019 IEEE.",collection system optimization; Genetic Algorithm; Offshore wind farm; Travelling Salesman Problem,Conference paper
"Li, J.; Wu, X.; Hu, W.; Huang, Q.; Chen, Z.",Substation location and cable connection optimization of onshore wind farms using minimum spanning tree algorithm,2018,2018-October,10.1109/APPEEC.2018.8566298,"Due to the high investment cost, high maintenance costs, and vulnerability to climate impacts of offshore wind farm, large onshore wind farms are attracting more and more attention. Nowadays, the numbers and scale of onshore wind farms are increasing. For onshore wind farms whose the layout of wind turbines (WT) have been identified, optimizing cable connection can further reduce the investment cost. The cable connection layout and the substation location are determined together. Final cable connection should take the substation location into account to reduce the cable costs which occupy a large proportion in wind farm construction cost. The construction site of onshore wind farm is often not on the flat ground. To get more reasonable results, a method to get the final cable connection which optimized by minimum spanning tree is proposed in this paper under the consideration of the topographic conditions. At the same time, the position of the substation is also determined. The final results show that the cable connection obtained by this method is more economical. © 2018 IEEE.",cable connection; Minimum spanning tree; onshore windfarm; topographic conditions,Conference paper
"Fischetti, M.; Leth, J.; Borchersen, A.B.",A Mixed-Integer Linear Programming approach to wind farm layout and inter-array cable routing,2015,2015-July,10.1109/ACC.2015.7172266,"A Mixed-Integer Linear Programming (MILP) approach is proposed to optimize the turbine allocation and inter-array offshore cable routing. The two problems are considered with a two steps strategy, solving the layout problem first and then the cable problem. We give an introduction to both problems and present the MILP models we developed to solve them. To deal with interference in the onshore cases, we propose an adaptation of the standard Jensen's model, suitable for 3D cases. A simple Stochastic Programming variant of our model allows us to consider different wind scenarios in the optimization. For the inter-array cable routing, we propose a new MILP model able to deal with different constraints arsing in practical application, such as capacity limitations, substation limitations and non-crossing constraints. Computational results on real-world instances prove the practical viability of the approach. © 2015 American Automatic Control Council.",,Conference paper
"Moon, W.-S.; Won, J.-N.; Huh, J.-S.; Jo, A.; Kim, J.-C.",Optimal design of power grid and location of offshore substation for offshore wind power plant,2015,64,10.5370/KIEE.2015.64.7.984,"This paper presents the methodology for optimal design of power grid for offshore wind power plant (OWPP) and optimum location of offshore substation. The proposed optimization process is based on a genetic algorithm, where the objective cost model is composed of investment, power loss, repair, and reliability cost using the net present value during the whole OWPP life cycle. A probability wind power output is modeled to reflect the characteristics of a wind power plant that produces electricity through wind and to calculate the reliability cost called expected energy not supplied. The main objective is to find the minimum cost for grid connection topology by submarine cables which cannot cross each other. Cable crossing was set as a constraint in the optimization algorithm of grid topology of the wind power plant. On the basis of this method, a case study is conducted to validate the model by simulating a 100-MW OWF. © © The Korean Institute of Electrical Engineers.",GA optimization; Offshore substation; Offshore wind power grid; Probabilistic wind power model; Submarine cable crossing,Article
"Klein, A.; Haugland, D.; Bauer, J.; Mommer, M.",An integer programming model for branching cable layouts in offshore wind farms,2015,359,10.1007/978-3-319-18161-5_3,"An integer programming model for minimizing the cabling costs of offshore wind farms which allows for branching of the cables is developed. Model features include upper bounds on the number of cable branches made at any wind turbine, upper bounds on the cable loads, and exclusion of crossing cable segments. The resulting model resembles the capacitated minimum spanning tree problem, with the addition of degree and planarity constraints. Numerical experiments with realistic wind farm data indicate that the benefit from branching is small when using only one cable type, but is up to 13% if allowing for two different cable types. © Springer International Publishing Switzerland 2015.",Cable routes; Constrained minimum spanning tree; Integer programming; Offshore wind farms,Conference paper
"Ferguson, A.; de Villiers, P.; Fitzgerald, B.; Matthiesen, J.",Benefits in moving the inter-array voltage from 33 kV to 66 kV AC for large offshore wind farms,2012,2,,"It has been found that wind farms operating at higher inter-array voltages than is currently the norm will benefit from considerable cost reductions and higher yields. This paper highlights the potential for higher voltage inter-array systems to deliver significant cost benefit to the design of future offshore wind farms. A detailed comparison of 36 kV AC (operating at 33 kV) radial and ring inter-array systems with 52 kV AC (operating at 48 kV) and 72.5 kV AC (operating at 66 kV) radial and ring inter-array systems was undertaken. This involved an analysis of all key technical components of the system, i.e. cables, switchgear, transformers and offshore substations and optimising and comparing the inter-array designs. A detailed cost-benefit analysis was carried out in order to compare the systems. This included CAPEX, operation and maintenance, cost of system losses and cost of losses due to cable failure for an assumed wind farm lifetime of 25 years. A further qualitative comparison was performed to identify other risks and benefits, including supply chain, health and safety and operation and maintenance considerations. Finally, the optimal higher voltage system was identified and a roadmap was developed to identify the route to commercialisation. It was found that moving to either 48 kV or 66 kV demonstrated a material improvement in the full life costs compared with 33 kV, but that the improvement for 66 kV was the highest. Previous work has examined the potential for higher voltages (48 kV or 66 kV) to be used to connect wind farms without an offshore substation [2] but this is the first time that a full analysis has been carried out for the use of higher voltage inter-array systems for wind farms that are far offshore and still incorporate a high voltage AC (HVAC) or high voltage DC (HVDC) transmission system.",,Conference paper