Solution,AEP_Liquido_MWh,Custo_USD,Perdas_Joule_MWh,N_Grupos,File
620,858251.31,1084798.29,6946.38,4,pareto_front_results_36/solution_620_coords.txt
619,858251.31,1084798.29,6946.38,4,pareto_front_results_36/solution_619_coords.txt
618,858251.31,1084798.29,6946.38,4,pareto_front_results_36/solution_618_coords.txt
617,858251.31,1084798.29,6946.38,4,pareto_front_results_36/solution_617_coords.txt
616,858251.31,1084798.29,6946.38,4,pareto_front_results_36/solution_616_coords.txt
615,858251.31,1084798.29,6946.38,4,pareto_front_results_36/solution_615_coords.txt
614,858251.31,1084798.29,6946.38,4,pareto_front_results_36/solution_614_coords.txt
613,858251.31,1084798.29,6946.38,4,pareto_front_results_36/solution_613_coords.txt
612,858251.31,1084798.29,6946.38,4,pareto_front_results_36/solution_612_coords.txt
611,858251.31,1084798.29,6946.38,4,pareto_front_results_36/solution_611_coords.txt
610,858251.31,1084798.29,6946.38,4,pareto_front_results_36/solution_610_coords.txt
609,858251.31,1084798.29,6946.38,4,pareto_front_results_36/solution_609_coords.txt
32,858251.31,1084798.29,6946.38,4,pareto_front_results_36/solution_32_coords.txt
31,858251.31,1084798.29,6946.38,4,pareto_front_results_36/solution_31_coords.txt
30,858251.31,1084798.29,6946.38,4,pareto_front_results_36/solution_30_coords.txt
29,858251.31,1084798.29,6946.38,4,pareto_front_results_36/solution_29_coords.txt
28,858251.31,1084798.29,6946.38,4,pareto_front_results_36/solution_28_coords.txt
27,858251.31,1084798.29,6946.38,4,pareto_front_results_36/solution_27_coords.txt
26,858251.31,1084798.29,6946.38,4,pareto_front_results_36/solution_26_coords.txt
25,858251.31,1084798.29,6946.38,4,pareto_front_results_36/solution_25_coords.txt
24,858251.31,1084798.29,6946.38,4,pareto_front_results_36/solution_24_coords.txt
23,858251.31,1084798.29,6946.38,4,pareto_front_results_36/solution_23_coords.txt
22,858251.31,1084798.29,6946.38,4,pareto_front_results_36/solution_22_coords.txt
21,858251.31,1084798.29,6946.38,4,pareto_front_results_36/solution_21_coords.txt
20,858251.31,1084798.29,6946.38,4,pareto_front_results_36/solution_20_coords.txt
19,858251.31,1084798.29,6946.38,4,pareto_front_results_36/solution_19_coords.txt
18,858251.31,1084798.29,6946.38,4,pareto_front_results_36/solution_18_coords.txt
17,858251.31,1084798.29,6946.38,4,pareto_front_results_36/solution_17_coords.txt
48,858251.31,1084798.29,6946.38,4,pareto_front_results_36/solution_48_coords.txt
47,858251.31,1084798.29,6946.38,4,pareto_front_results_36/solution_47_coords.txt
46,858251.31,1084798.29,6946.38,4,pareto_front_results_36/solution_46_coords.txt
45,858251.31,1084798.29,6946.38,4,pareto_front_results_36/solution_45_coords.txt
44,858251.31,1084798.29,6946.38,4,pareto_front_results_36/solution_44_coords.txt
43,858251.31,1084798.29,6946.38,4,pareto_front_results_36/solution_43_coords.txt
42,858251.31,1084798.29,6946.38,4,pareto_front_results_36/solution_42_coords.txt
41,858251.31,1084798.29,6946.38,4,pareto_front_results_36/solution_41_coords.txt
40,858251.31,1084798.29,6946.38,4,pareto_front_results_36/solution_40_coords.txt
39,858251.31,1084798.29,6946.38,4,pareto_front_results_36/solution_39_coords.txt
38,858251.31,1084798.29,6946.38,4,pareto_front_results_36/solution_38_coords.txt
37,858251.31,1084798.29,6946.38,4,pareto_front_results_36/solution_37_coords.txt
36,858251.31,1084798.29,6946.38,4,pareto_front_results_36/solution_36_coords.txt
35,858251.31,1084798.29,6946.38,4,pareto_front_results_36/solution_35_coords.txt
34,858251.31,1084798.29,6946.38,4,pareto_front_results_36/solution_34_coords.txt
33,858251.31,1084798.29,6946.38,4,pareto_front_results_36/solution_33_coords.txt
64,858251.31,1084798.29,6946.38,4,pareto_front_results_36/solution_64_coords.txt
63,858251.31,1084798.29,6946.38,4,pareto_front_results_36/solution_63_coords.txt
62,858251.31,1084798.29,6946.38,4,pareto_front_results_36/solution_62_coords.txt
61,858251.31,1084798.29,6946.38,4,pareto_front_results_36/solution_61_coords.txt
60,858251.31,1084798.29,6946.38,4,pareto_front_results_36/solution_60_coords.txt
59,858251.31,1084798.29,6946.38,4,pareto_front_results_36/solution_59_coords.txt
58,858251.31,1084798.29,6946.38,4,pareto_front_results_36/solution_58_coords.txt
57,858251.31,1084798.29,6946.38,4,pareto_front_results_36/solution_57_coords.txt
56,858251.31,1084798.29,6946.38,4,pareto_front_results_36/solution_56_coords.txt
55,858251.31,1084798.29,6946.38,4,pareto_front_results_36/solution_55_coords.txt
54,858251.31,1084798.29,6946.38,4,pareto_front_results_36/solution_54_coords.txt
53,858251.31,1084798.29,6946.38,4,pareto_front_results_36/solution_53_coords.txt
52,858251.31,1084798.29,6946.38,4,pareto_front_results_36/solution_52_coords.txt
51,858251.31,1084798.29,6946.38,4,pareto_front_results_36/solution_51_coords.txt
50,858251.31,1084798.29,6946.38,4,pareto_front_results_36/solution_50_coords.txt
49,858251.31,1084798.29,6946.38,4,pareto_front_results_36/solution_49_coords.txt
80,858251.31,1084798.29,6946.38,4,pareto_front_results_36/solution_80_coords.txt
79,858251.31,1084798.29,6946.38,4,pareto_front_results_36/solution_79_coords.txt
78,858251.31,1084798.29,6946.38,4,pareto_front_results_36/solution_78_coords.txt
77,858251.31,1084798.29,6946.38,4,pareto_front_results_36/solution_77_coords.txt
76,858251.31,1084798.29,6946.38,4,pareto_front_results_36/solution_76_coords.txt
75,858251.31,1084798.29,6946.38,4,pareto_front_results_36/solution_75_coords.txt
74,858251.31,1084798.29,6946.38,4,pareto_front_results_36/solution_74_coords.txt
73,858251.31,1084798.29,6946.38,4,pareto_front_results_36/solution_73_coords.txt
72,858251.31,1084798.29,6946.38,4,pareto_front_results_36/solution_72_coords.txt
71,858251.31,1084798.29,6946.38,4,pareto_front_results_36/solution_71_coords.txt
70,858251.31,1084798.29,6946.38,4,pareto_front_results_36/solution_70_coords.txt
69,858251.31,1084798.29,6946.38,4,pareto_front_results_36/solution_69_coords.txt
68,858251.31,1084798.29,6946.38,4,pareto_front_results_36/solution_68_coords.txt
67,858251.31,1084798.29,6946.38,4,pareto_front_results_36/solution_67_coords.txt
66,858251.31,1084798.29,6946.38,4,pareto_front_results_36/solution_66_coords.txt
65,858251.31,1084798.29,6946.38,4,pareto_front_results_36/solution_65_coords.txt
96,858251.31,1084798.29,6946.38,4,pareto_front_results_36/solution_96_coords.txt
95,858251.31,1084798.29,6946.38,4,pareto_front_results_36/solution_95_coords.txt
94,858251.31,1084798.29,6946.38,4,pareto_front_results_36/solution_94_coords.txt
93,858251.31,1084798.29,6946.38,4,pareto_front_results_36/solution_93_coords.txt
92,858251.31,1084798.29,6946.38,4,pareto_front_results_36/solution_92_coords.txt
91,858251.31,1084798.29,6946.38,4,pareto_front_results_36/solution_91_coords.txt
90,858251.31,1084798.29,6946.38,4,pareto_front_results_36/solution_90_coords.txt
89,858251.31,1084798.29,6946.38,4,pareto_front_results_36/solution_89_coords.txt
88,858251.31,1084798.29,6946.38,4,pareto_front_results_36/solution_88_coords.txt
87,858251.31,1084798.29,6946.38,4,pareto_front_results_36/solution_87_coords.txt
86,858251.31,1084798.29,6946.38,4,pareto_front_results_36/solution_86_coords.txt
85,858251.31,1084798.29,6946.38,4,pareto_front_results_36/solution_85_coords.txt
84,858251.31,1084798.29,6946.38,4,pareto_front_results_36/solution_84_coords.txt
83,858251.31,1084798.29,6946.38,4,pareto_front_results_36/solution_83_coords.txt
82,858251.31,1084798.29,6946.38,4,pareto_front_results_36/solution_82_coords.txt
81,858251.31,1084798.29,6946.38,4,pareto_front_results_36/solution_81_coords.txt
112,858251.31,1084798.29,6946.38,4,pareto_front_results_36/solution_112_coords.txt
111,858251.31,1084798.29,6946.38,4,pareto_front_results_36/solution_111_coords.txt
110,858251.31,1084798.29,6946.38,4,pareto_front_results_36/solution_110_coords.txt
109,858251.31,1084798.29,6946.38,4,pareto_front_results_36/solution_109_coords.txt
108,858251.31,1084798.29,6946.38,4,pareto_front_results_36/solution_108_coords.txt
107,858251.31,1084798.29,6946.38,4,pareto_front_results_36/solution_107_coords.txt
106,858251.31,1084798.29,6946.38,4,pareto_front_results_36/solution_106_coords.txt
105,858251.31,1084798.29,6946.38,4,pareto_front_results_36/solution_105_coords.txt
104,858251.31,1084798.29,6946.38,4,pareto_front_results_36/solution_104_coords.txt
103,858251.31,1084798.29,6946.38,4,pareto_front_results_36/solution_103_coords.txt
102,858251.31,1084798.29,6946.38,4,pareto_front_results_36/solution_102_coords.txt
101,858251.31,1084798.29,6946.38,4,pareto_front_results_36/solution_101_coords.txt
100,858251.31,1084798.29,6946.38,4,pareto_front_results_36/solution_100_coords.txt
99,858251.31,1084798.29,6946.38,4,pareto_front_results_36/solution_99_coords.txt
98,858251.31,1084798.29,6946.38,4,pareto_front_results_36/solution_98_coords.txt
97,858251.31,1084798.29,6946.38,4,pareto_front_results_36/solution_97_coords.txt
128,858251.31,1084798.29,6946.38,4,pareto_front_results_36/solution_128_coords.txt
127,858251.31,1084798.29,6946.38,4,pareto_front_results_36/solution_127_coords.txt
126,858251.31,1084798.29,6946.38,4,pareto_front_results_36/solution_126_coords.txt
125,858251.31,1084798.29,6946.38,4,pareto_front_results_36/solution_125_coords.txt
124,858251.31,1084798.29,6946.38,4,pareto_front_results_36/solution_124_coords.txt
123,858251.31,1084798.29,6946.38,4,pareto_front_results_36/solution_123_coords.txt
122,858251.31,1084798.29,6946.38,4,pareto_front_results_36/solution_122_coords.txt
121,858251.31,1084798.29,6946.38,4,pareto_front_results_36/solution_121_coords.txt
120,858251.31,1084798.29,6946.38,4,pareto_front_results_36/solution_120_coords.txt
119,858251.31,1084798.29,6946.38,4,pareto_front_results_36/solution_119_coords.txt
118,858251.31,1084798.29,6946.38,4,pareto_front_results_36/solution_118_coords.txt
117,858251.31,1084798.29,6946.38,4,pareto_front_results_36/solution_117_coords.txt
116,858251.31,1084798.29,6946.38,4,pareto_front_results_36/solution_116_coords.txt
115,858251.31,1084798.29,6946.38,4,pareto_front_results_36/solution_115_coords.txt
114,858251.31,1084798.29,6946.38,4,pareto_front_results_36/solution_114_coords.txt
113,858251.31,1084798.29,6946.38,4,pareto_front_results_36/solution_113_coords.txt
144,858251.31,1084798.29,6946.38,4,pareto_front_results_36/solution_144_coords.txt
143,858251.31,1084798.29,6946.38,4,pareto_front_results_36/solution_143_coords.txt
142,858251.31,1084798.29,6946.38,4,pareto_front_results_36/solution_142_coords.txt
141,858251.31,1084798.29,6946.38,4,pareto_front_results_36/solution_141_coords.txt
140,858251.31,1084798.29,6946.38,4,pareto_front_results_36/solution_140_coords.txt
139,858251.31,1084798.29,6946.38,4,pareto_front_results_36/solution_139_coords.txt
138,858251.31,1084798.29,6946.38,4,pareto_front_results_36/solution_138_coords.txt
137,858251.31,1084798.29,6946.38,4,pareto_front_results_36/solution_137_coords.txt
136,858251.31,1084798.29,6946.38,4,pareto_front_results_36/solution_136_coords.txt
135,858251.31,1084798.29,6946.38,4,pareto_front_results_36/solution_135_coords.txt
134,858251.31,1084798.29,6946.38,4,pareto_front_results_36/solution_134_coords.txt
133,858251.31,1084798.29,6946.38,4,pareto_front_results_36/solution_133_coords.txt
132,858251.31,1084798.29,6946.38,4,pareto_front_results_36/solution_132_coords.txt
131,858251.31,1084798.29,6946.38,4,pareto_front_results_36/solution_131_coords.txt
130,858251.31,1084798.29,6946.38,4,pareto_front_results_36/solution_130_coords.txt
129,858251.31,1084798.29,6946.38,4,pareto_front_results_36/solution_129_coords.txt
160,858251.31,1084798.29,6946.38,4,pareto_front_results_36/solution_160_coords.txt
159,858251.31,1084798.29,6946.38,4,pareto_front_results_36/solution_159_coords.txt
158,858251.31,1084798.29,6946.38,4,pareto_front_results_36/solution_158_coords.txt
157,858251.31,1084798.29,6946.38,4,pareto_front_results_36/solution_157_coords.txt
156,858251.31,1084798.29,6946.38,4,pareto_front_results_36/solution_156_coords.txt
155,858251.31,1084798.29,6946.38,4,pareto_front_results_36/solution_155_coords.txt
154,858251.31,1084798.29,6946.38,4,pareto_front_results_36/solution_154_coords.txt
153,858251.31,1084798.29,6946.38,4,pareto_front_results_36/solution_153_coords.txt
152,858251.31,1084798.29,6946.38,4,pareto_front_results_36/solution_152_coords.txt
151,858251.31,1084798.29,6946.38,4,pareto_front_results_36/solution_151_coords.txt
150,858251.31,1084798.29,6946.38,4,pareto_front_results_36/solution_150_coords.txt
149,858251.31,1084798.29,6946.38,4,pareto_front_results_36/solution_149_coords.txt
148,858251.31,1084798.29,6946.38,4,pareto_front_results_36/solution_148_coords.txt
147,858251.31,1084798.29,6946.38,4,pareto_front_results_36/solution_147_coords.txt
146,858251.31,1084798.29,6946.38,4,pareto_front_results_36/solution_146_coords.txt
145,858251.31,1084798.29,6946.38,4,pareto_front_results_36/solution_145_coords.txt
176,858251.31,1084798.29,6946.38,4,pareto_front_results_36/solution_176_coords.txt
175,858251.31,1084798.29,6946.38,4,pareto_front_results_36/solution_175_coords.txt
174,858251.31,1084798.29,6946.38,4,pareto_front_results_36/solution_174_coords.txt
173,858251.31,1084798.29,6946.38,4,pareto_front_results_36/solution_173_coords.txt
172,858251.31,1084798.29,6946.38,4,pareto_front_results_36/solution_172_coords.txt
171,858251.31,1084798.29,6946.38,4,pareto_front_results_36/solution_171_coords.txt
170,858251.31,1084798.29,6946.38,4,pareto_front_results_36/solution_170_coords.txt
169,858251.31,1084798.29,6946.38,4,pareto_front_results_36/solution_169_coords.txt
168,858251.31,1084798.29,6946.38,4,pareto_front_results_36/solution_168_coords.txt
167,858251.31,1084798.29,6946.38,4,pareto_front_results_36/solution_167_coords.txt
166,858251.31,1084798.29,6946.38,4,pareto_front_results_36/solution_166_coords.txt
165,858251.31,1084798.29,6946.38,4,pareto_front_results_36/solution_165_coords.txt
164,858251.31,1084798.29,6946.38,4,pareto_front_results_36/solution_164_coords.txt
163,858251.31,1084798.29,6946.38,4,pareto_front_results_36/solution_163_coords.txt
162,858251.31,1084798.29,6946.38,4,pareto_front_results_36/solution_162_coords.txt
161,858251.31,1084798.29,6946.38,4,pareto_front_results_36/solution_161_coords.txt
192,858251.31,1084798.29,6946.38,4,pareto_front_results_36/solution_192_coords.txt
191,858251.31,1084798.29,6946.38,4,pareto_front_results_36/solution_191_coords.txt
190,858251.31,1084798.29,6946.38,4,pareto_front_results_36/solution_190_coords.txt
189,858251.31,1084798.29,6946.38,4,pareto_front_results_36/solution_189_coords.txt
188,858251.31,1084798.29,6946.38,4,pareto_front_results_36/solution_188_coords.txt
187,858251.31,1084798.29,6946.38,4,pareto_front_results_36/solution_187_coords.txt
186,858251.31,1084798.29,6946.38,4,pareto_front_results_36/solution_186_coords.txt
185,858251.31,1084798.29,6946.38,4,pareto_front_results_36/solution_185_coords.txt
184,858251.31,1084798.29,6946.38,4,pareto_front_results_36/solution_184_coords.txt
183,858251.31,1084798.29,6946.38,4,pareto_front_results_36/solution_183_coords.txt
182,858251.31,1084798.29,6946.38,4,pareto_front_results_36/solution_182_coords.txt
181,858251.31,1084798.29,6946.38,4,pareto_front_results_36/solution_181_coords.txt
180,858251.31,1084798.29,6946.38,4,pareto_front_results_36/solution_180_coords.txt
179,858251.31,1084798.29,6946.38,4,pareto_front_results_36/solution_179_coords.txt
178,858251.31,1084798.29,6946.38,4,pareto_front_results_36/solution_178_coords.txt
177,858251.31,1084798.29,6946.38,4,pareto_front_results_36/solution_177_coords.txt
208,858251.31,1084798.29,6946.38,4,pareto_front_results_36/solution_208_coords.txt
207,858251.31,1084798.29,6946.38,4,pareto_front_results_36/solution_207_coords.txt
206,858251.31,1084798.29,6946.38,4,pareto_front_results_36/solution_206_coords.txt
205,858251.31,1084798.29,6946.38,4,pareto_front_results_36/solution_205_coords.txt
204,858251.31,1084798.29,6946.38,4,pareto_front_results_36/solution_204_coords.txt
203,858251.31,1084798.29,6946.38,4,pareto_front_results_36/solution_203_coords.txt
202,858251.31,1084798.29,6946.38,4,pareto_front_results_36/solution_202_coords.txt
201,858251.31,1084798.29,6946.38,4,pareto_front_results_36/solution_201_coords.txt
200,858251.31,1084798.29,6946.38,4,pareto_front_results_36/solution_200_coords.txt
199,858251.31,1084798.29,6946.38,4,pareto_front_results_36/solution_199_coords.txt
198,858251.31,1084798.29,6946.38,4,pareto_front_results_36/solution_198_coords.txt
197,858251.31,1084798.29,6946.38,4,pareto_front_results_36/solution_197_coords.txt
196,858251.31,1084798.29,6946.38,4,pareto_front_results_36/solution_196_coords.txt
195,858251.31,1084798.29,6946.38,4,pareto_front_results_36/solution_195_coords.txt
194,858251.31,1084798.29,6946.38,4,pareto_front_results_36/solution_194_coords.txt
193,858251.31,1084798.29,6946.38,4,pareto_front_results_36/solution_193_coords.txt
224,858251.31,1084798.29,6946.38,4,pareto_front_results_36/solution_224_coords.txt
223,858251.31,1084798.29,6946.38,4,pareto_front_results_36/solution_223_coords.txt
222,858251.31,1084798.29,6946.38,4,pareto_front_results_36/solution_222_coords.txt
221,858251.31,1084798.29,6946.38,4,pareto_front_results_36/solution_221_coords.txt
220,858251.31,1084798.29,6946.38,4,pareto_front_results_36/solution_220_coords.txt
219,858251.31,1084798.29,6946.38,4,pareto_front_results_36/solution_219_coords.txt
218,858251.31,1084798.29,6946.38,4,pareto_front_results_36/solution_218_coords.txt
217,858251.31,1084798.29,6946.38,4,pareto_front_results_36/solution_217_coords.txt
216,858251.31,1084798.29,6946.38,4,pareto_front_results_36/solution_216_coords.txt
215,858251.31,1084798.29,6946.38,4,pareto_front_results_36/solution_215_coords.txt
214,858251.31,1084798.29,6946.38,4,pareto_front_results_36/solution_214_coords.txt
213,858251.31,1084798.29,6946.38,4,pareto_front_results_36/solution_213_coords.txt
212,858251.31,1084798.29,6946.38,4,pareto_front_results_36/solution_212_coords.txt
211,858251.31,1084798.29,6946.38,4,pareto_front_results_36/solution_211_coords.txt
210,858251.31,1084798.29,6946.38,4,pareto_front_results_36/solution_210_coords.txt
209,858251.31,1084798.29,6946.38,4,pareto_front_results_36/solution_209_coords.txt
240,858251.31,1084798.29,6946.38,4,pareto_front_results_36/solution_240_coords.txt
239,858251.31,1084798.29,6946.38,4,pareto_front_results_36/solution_239_coords.txt
238,858251.31,1084798.29,6946.38,4,pareto_front_results_36/solution_238_coords.txt
237,858251.31,1084798.29,6946.38,4,pareto_front_results_36/solution_237_coords.txt
236,858251.31,1084798.29,6946.38,4,pareto_front_results_36/solution_236_coords.txt
235,858251.31,1084798.29,6946.38,4,pareto_front_results_36/solution_235_coords.txt
234,858251.31,1084798.29,6946.38,4,pareto_front_results_36/solution_234_coords.txt
233,858251.31,1084798.29,6946.38,4,pareto_front_results_36/solution_233_coords.txt
232,858251.31,1084798.29,6946.38,4,pareto_front_results_36/solution_232_coords.txt
231,858251.31,1084798.29,6946.38,4,pareto_front_results_36/solution_231_coords.txt
230,858251.31,1084798.29,6946.38,4,pareto_front_results_36/solution_230_coords.txt
229,858251.31,1084798.29,6946.38,4,pareto_front_results_36/solution_229_coords.txt
228,858251.31,1084798.29,6946.38,4,pareto_front_results_36/solution_228_coords.txt
227,858251.31,1084798.29,6946.38,4,pareto_front_results_36/solution_227_coords.txt
226,858251.31,1084798.29,6946.38,4,pareto_front_results_36/solution_226_coords.txt
225,858251.31,1084798.29,6946.38,4,pareto_front_results_36/solution_225_coords.txt
256,858251.31,1084798.29,6946.38,4,pareto_front_results_36/solution_256_coords.txt
255,858251.31,1084798.29,6946.38,4,pareto_front_results_36/solution_255_coords.txt
254,858251.31,1084798.29,6946.38,4,pareto_front_results_36/solution_254_coords.txt
253,858251.31,1084798.29,6946.38,4,pareto_front_results_36/solution_253_coords.txt
252,858251.31,1084798.29,6946.38,4,pareto_front_results_36/solution_252_coords.txt
251,858251.31,1084798.29,6946.38,4,pareto_front_results_36/solution_251_coords.txt
250,858251.31,1084798.29,6946.38,4,pareto_front_results_36/solution_250_coords.txt
249,858251.31,1084798.29,6946.38,4,pareto_front_results_36/solution_249_coords.txt
248,858251.31,1084798.29,6946.38,4,pareto_front_results_36/solution_248_coords.txt
247,858251.31,1084798.29,6946.38,4,pareto_front_results_36/solution_247_coords.txt
246,858251.31,1084798.29,6946.38,4,pareto_front_results_36/solution_246_coords.txt
245,858251.31,1084798.29,6946.38,4,pareto_front_results_36/solution_245_coords.txt
244,858251.31,1084798.29,6946.38,4,pareto_front_results_36/solution_244_coords.txt
243,858251.31,1084798.29,6946.38,4,pareto_front_results_36/solution_243_coords.txt
242,858251.31,1084798.29,6946.38,4,pareto_front_results_36/solution_242_coords.txt
241,858251.31,1084798.29,6946.38,4,pareto_front_results_36/solution_241_coords.txt
272,858251.31,1084798.29,6946.38,4,pareto_front_results_36/solution_272_coords.txt
271,858251.31,1084798.29,6946.38,4,pareto_front_results_36/solution_271_coords.txt
270,858251.31,1084798.29,6946.38,4,pareto_front_results_36/solution_270_coords.txt
269,858251.31,1084798.29,6946.38,4,pareto_front_results_36/solution_269_coords.txt
268,858251.31,1084798.29,6946.38,4,pareto_front_results_36/solution_268_coords.txt
267,858251.31,1084798.29,6946.38,4,pareto_front_results_36/solution_267_coords.txt
266,858251.31,1084798.29,6946.38,4,pareto_front_results_36/solution_266_coords.txt
265,858251.31,1084798.29,6946.38,4,pareto_front_results_36/solution_265_coords.txt
264,858251.31,1084798.29,6946.38,4,pareto_front_results_36/solution_264_coords.txt
263,858251.31,1084798.29,6946.38,4,pareto_front_results_36/solution_263_coords.txt
262,858251.31,1084798.29,6946.38,4,pareto_front_results_36/solution_262_coords.txt
261,858251.31,1084798.29,6946.38,4,pareto_front_results_36/solution_261_coords.txt
260,858251.31,1084798.29,6946.38,4,pareto_front_results_36/solution_260_coords.txt
259,858251.31,1084798.29,6946.38,4,pareto_front_results_36/solution_259_coords.txt
258,858251.31,1084798.29,6946.38,4,pareto_front_results_36/solution_258_coords.txt
257,858251.31,1084798.29,6946.38,4,pareto_front_results_36/solution_257_coords.txt
288,858251.31,1084798.29,6946.38,4,pareto_front_results_36/solution_288_coords.txt
287,858251.31,1084798.29,6946.38,4,pareto_front_results_36/solution_287_coords.txt
286,858251.31,1084798.29,6946.38,4,pareto_front_results_36/solution_286_coords.txt
285,858251.31,1084798.29,6946.38,4,pareto_front_results_36/solution_285_coords.txt
284,858251.31,1084798.29,6946.38,4,pareto_front_results_36/solution_284_coords.txt
283,858251.31,1084798.29,6946.38,4,pareto_front_results_36/solution_283_coords.txt
282,858251.31,1084798.29,6946.38,4,pareto_front_results_36/solution_282_coords.txt
281,858251.31,1084798.29,6946.38,4,pareto_front_results_36/solution_281_coords.txt
280,858251.31,1084798.29,6946.38,4,pareto_front_results_36/solution_280_coords.txt
279,858251.31,1084798.29,6946.38,4,pareto_front_results_36/solution_279_coords.txt
278,858251.31,1084798.29,6946.38,4,pareto_front_results_36/solution_278_coords.txt
277,858251.31,1084798.29,6946.38,4,pareto_front_results_36/solution_277_coords.txt
276,858251.31,1084798.29,6946.38,4,pareto_front_results_36/solution_276_coords.txt
275,858251.31,1084798.29,6946.38,4,pareto_front_results_36/solution_275_coords.txt
274,858251.31,1084798.29,6946.38,4,pareto_front_results_36/solution_274_coords.txt
273,858251.31,1084798.29,6946.38,4,pareto_front_results_36/solution_273_coords.txt
304,858251.31,1084798.29,6946.38,4,pareto_front_results_36/solution_304_coords.txt
303,858251.31,1084798.29,6946.38,4,pareto_front_results_36/solution_303_coords.txt
302,858251.31,1084798.29,6946.38,4,pareto_front_results_36/solution_302_coords.txt
301,858251.31,1084798.29,6946.38,4,pareto_front_results_36/solution_301_coords.txt
300,858251.31,1084798.29,6946.38,4,pareto_front_results_36/solution_300_coords.txt
299,858251.31,1084798.29,6946.38,4,pareto_front_results_36/solution_299_coords.txt
298,858251.31,1084798.29,6946.38,4,pareto_front_results_36/solution_298_coords.txt
297,858251.31,1084798.29,6946.38,4,pareto_front_results_36/solution_297_coords.txt
296,858251.31,1084798.29,6946.38,4,pareto_front_results_36/solution_296_coords.txt
295,858251.31,1084798.29,6946.38,4,pareto_front_results_36/solution_295_coords.txt
294,858251.31,1084798.29,6946.38,4,pareto_front_results_36/solution_294_coords.txt
293,858251.31,1084798.29,6946.38,4,pareto_front_results_36/solution_293_coords.txt
292,858251.31,1084798.29,6946.38,4,pareto_front_results_36/solution_292_coords.txt
291,858251.31,1084798.29,6946.38,4,pareto_front_results_36/solution_291_coords.txt
290,858251.31,1084798.29,6946.38,4,pareto_front_results_36/solution_290_coords.txt
289,858251.31,1084798.29,6946.38,4,pareto_front_results_36/solution_289_coords.txt
320,858251.31,1084798.29,6946.38,4,pareto_front_results_36/solution_320_coords.txt
319,858251.31,1084798.29,6946.38,4,pareto_front_results_36/solution_319_coords.txt
318,858251.31,1084798.29,6946.38,4,pareto_front_results_36/solution_318_coords.txt
317,858251.31,1084798.29,6946.38,4,pareto_front_results_36/solution_317_coords.txt
316,858251.31,1084798.29,6946.38,4,pareto_front_results_36/solution_316_coords.txt
315,858251.31,1084798.29,6946.38,4,pareto_front_results_36/solution_315_coords.txt
314,858251.31,1084798.29,6946.38,4,pareto_front_results_36/solution_314_coords.txt
313,858251.31,1084798.29,6946.38,4,pareto_front_results_36/solution_313_coords.txt
312,858251.31,1084798.29,6946.38,4,pareto_front_results_36/solution_312_coords.txt
311,858251.31,1084798.29,6946.38,4,pareto_front_results_36/solution_311_coords.txt
310,858251.31,1084798.29,6946.38,4,pareto_front_results_36/solution_310_coords.txt
309,858251.31,1084798.29,6946.38,4,pareto_front_results_36/solution_309_coords.txt
308,858251.31,1084798.29,6946.38,4,pareto_front_results_36/solution_308_coords.txt
307,858251.31,1084798.29,6946.38,4,pareto_front_results_36/solution_307_coords.txt
306,858251.31,1084798.29,6946.38,4,pareto_front_results_36/solution_306_coords.txt
305,858251.31,1084798.29,6946.38,4,pareto_front_results_36/solution_305_coords.txt
336,858251.31,1084798.29,6946.38,4,pareto_front_results_36/solution_336_coords.txt
335,858251.31,1084798.29,6946.38,4,pareto_front_results_36/solution_335_coords.txt
334,858251.31,1084798.29,6946.38,4,pareto_front_results_36/solution_334_coords.txt
333,858251.31,1084798.29,6946.38,4,pareto_front_results_36/solution_333_coords.txt
332,858251.31,1084798.29,6946.38,4,pareto_front_results_36/solution_332_coords.txt
331,858251.31,1084798.29,6946.38,4,pareto_front_results_36/solution_331_coords.txt
330,858251.31,1084798.29,6946.38,4,pareto_front_results_36/solution_330_coords.txt
329,858251.31,1084798.29,6946.38,4,pareto_front_results_36/solution_329_coords.txt
328,858251.31,1084798.29,6946.38,4,pareto_front_results_36/solution_328_coords.txt
327,858251.31,1084798.29,6946.38,4,pareto_front_results_36/solution_327_coords.txt
326,858251.31,1084798.29,6946.38,4,pareto_front_results_36/solution_326_coords.txt
325,858251.31,1084798.29,6946.38,4,pareto_front_results_36/solution_325_coords.txt
324,858251.31,1084798.29,6946.38,4,pareto_front_results_36/solution_324_coords.txt
323,858251.31,1084798.29,6946.38,4,pareto_front_results_36/solution_323_coords.txt
322,858251.31,1084798.29,6946.38,4,pareto_front_results_36/solution_322_coords.txt
321,858251.31,1084798.29,6946.38,4,pareto_front_results_36/solution_321_coords.txt
352,858251.31,1084798.29,6946.38,4,pareto_front_results_36/solution_352_coords.txt
351,858251.31,1084798.29,6946.38,4,pareto_front_results_36/solution_351_coords.txt
350,858251.31,1084798.29,6946.38,4,pareto_front_results_36/solution_350_coords.txt
349,858251.31,1084798.29,6946.38,4,pareto_front_results_36/solution_349_coords.txt
348,858251.31,1084798.29,6946.38,4,pareto_front_results_36/solution_348_coords.txt
347,858251.31,1084798.29,6946.38,4,pareto_front_results_36/solution_347_coords.txt
346,858251.31,1084798.29,6946.38,4,pareto_front_results_36/solution_346_coords.txt
345,858251.31,1084798.29,6946.38,4,pareto_front_results_36/solution_345_coords.txt
344,858251.31,1084798.29,6946.38,4,pareto_front_results_36/solution_344_coords.txt
343,858251.31,1084798.29,6946.38,4,pareto_front_results_36/solution_343_coords.txt
342,858251.31,1084798.29,6946.38,4,pareto_front_results_36/solution_342_coords.txt
341,858251.31,1084798.29,6946.38,4,pareto_front_results_36/solution_341_coords.txt
340,858251.31,1084798.29,6946.38,4,pareto_front_results_36/solution_340_coords.txt
339,858251.31,1084798.29,6946.38,4,pareto_front_results_36/solution_339_coords.txt
338,858251.31,1084798.29,6946.38,4,pareto_front_results_36/solution_338_coords.txt
337,858251.31,1084798.29,6946.38,4,pareto_front_results_36/solution_337_coords.txt
368,858251.31,1084798.29,6946.38,4,pareto_front_results_36/solution_368_coords.txt
367,858251.31,1084798.29,6946.38,4,pareto_front_results_36/solution_367_coords.txt
366,858251.31,1084798.29,6946.38,4,pareto_front_results_36/solution_366_coords.txt
365,858251.31,1084798.29,6946.38,4,pareto_front_results_36/solution_365_coords.txt
364,858251.31,1084798.29,6946.38,4,pareto_front_results_36/solution_364_coords.txt
363,858251.31,1084798.29,6946.38,4,pareto_front_results_36/solution_363_coords.txt
362,858251.31,1084798.29,6946.38,4,pareto_front_results_36/solution_362_coords.txt
361,858251.31,1084798.29,6946.38,4,pareto_front_results_36/solution_361_coords.txt
360,858251.31,1084798.29,6946.38,4,pareto_front_results_36/solution_360_coords.txt
359,858251.31,1084798.29,6946.38,4,pareto_front_results_36/solution_359_coords.txt
358,858251.31,1084798.29,6946.38,4,pareto_front_results_36/solution_358_coords.txt
357,858251.31,1084798.29,6946.38,4,pareto_front_results_36/solution_357_coords.txt
356,858251.31,1084798.29,6946.38,4,pareto_front_results_36/solution_356_coords.txt
355,858251.31,1084798.29,6946.38,4,pareto_front_results_36/solution_355_coords.txt
354,858251.31,1084798.29,6946.38,4,pareto_front_results_36/solution_354_coords.txt
353,858251.31,1084798.29,6946.38,4,pareto_front_results_36/solution_353_coords.txt
384,858251.31,1084798.29,6946.38,4,pareto_front_results_36/solution_384_coords.txt
383,858251.31,1084798.29,6946.38,4,pareto_front_results_36/solution_383_coords.txt
382,858251.31,1084798.29,6946.38,4,pareto_front_results_36/solution_382_coords.txt
381,858251.31,1084798.29,6946.38,4,pareto_front_results_36/solution_381_coords.txt
380,858251.31,1084798.29,6946.38,4,pareto_front_results_36/solution_380_coords.txt
379,858251.31,1084798.29,6946.38,4,pareto_front_results_36/solution_379_coords.txt
378,858251.31,1084798.29,6946.38,4,pareto_front_results_36/solution_378_coords.txt
377,858251.31,1084798.29,6946.38,4,pareto_front_results_36/solution_377_coords.txt
376,858251.31,1084798.29,6946.38,4,pareto_front_results_36/solution_376_coords.txt
375,858251.31,1084798.29,6946.38,4,pareto_front_results_36/solution_375_coords.txt
374,858251.31,1084798.29,6946.38,4,pareto_front_results_36/solution_374_coords.txt
373,858251.31,1084798.29,6946.38,4,pareto_front_results_36/solution_373_coords.txt
372,858251.31,1084798.29,6946.38,4,pareto_front_results_36/solution_372_coords.txt
371,858251.31,1084798.29,6946.38,4,pareto_front_results_36/solution_371_coords.txt
370,858251.31,1084798.29,6946.38,4,pareto_front_results_36/solution_370_coords.txt
369,858251.31,1084798.29,6946.38,4,pareto_front_results_36/solution_369_coords.txt
400,858251.31,1084798.29,6946.38,4,pareto_front_results_36/solution_400_coords.txt
399,858251.31,1084798.29,6946.38,4,pareto_front_results_36/solution_399_coords.txt
398,858251.31,1084798.29,6946.38,4,pareto_front_results_36/solution_398_coords.txt
397,858251.31,1084798.29,6946.38,4,pareto_front_results_36/solution_397_coords.txt
396,858251.31,1084798.29,6946.38,4,pareto_front_results_36/solution_396_coords.txt
395,858251.31,1084798.29,6946.38,4,pareto_front_results_36/solution_395_coords.txt
394,858251.31,1084798.29,6946.38,4,pareto_front_results_36/solution_394_coords.txt
393,858251.31,1084798.29,6946.38,4,pareto_front_results_36/solution_393_coords.txt
392,858251.31,1084798.29,6946.38,4,pareto_front_results_36/solution_392_coords.txt
391,858251.31,1084798.29,6946.38,4,pareto_front_results_36/solution_391_coords.txt
390,858251.31,1084798.29,6946.38,4,pareto_front_results_36/solution_390_coords.txt
389,858251.31,1084798.29,6946.38,4,pareto_front_results_36/solution_389_coords.txt
388,858251.31,1084798.29,6946.38,4,pareto_front_results_36/solution_388_coords.txt
387,858251.31,1084798.29,6946.38,4,pareto_front_results_36/solution_387_coords.txt
386,858251.31,1084798.29,6946.38,4,pareto_front_results_36/solution_386_coords.txt
385,858251.31,1084798.29,6946.38,4,pareto_front_results_36/solution_385_coords.txt
416,858251.31,1084798.29,6946.38,4,pareto_front_results_36/solution_416_coords.txt
415,858251.31,1084798.29,6946.38,4,pareto_front_results_36/solution_415_coords.txt
414,858251.31,1084798.29,6946.38,4,pareto_front_results_36/solution_414_coords.txt
413,858251.31,1084798.29,6946.38,4,pareto_front_results_36/solution_413_coords.txt
412,858251.31,1084798.29,6946.38,4,pareto_front_results_36/solution_412_coords.txt
411,858251.31,1084798.29,6946.38,4,pareto_front_results_36/solution_411_coords.txt
410,858251.31,1084798.29,6946.38,4,pareto_front_results_36/solution_410_coords.txt
409,858251.31,1084798.29,6946.38,4,pareto_front_results_36/solution_409_coords.txt
408,858251.31,1084798.29,6946.38,4,pareto_front_results_36/solution_408_coords.txt
407,858251.31,1084798.29,6946.38,4,pareto_front_results_36/solution_407_coords.txt
406,858251.31,1084798.29,6946.38,4,pareto_front_results_36/solution_406_coords.txt
405,858251.31,1084798.29,6946.38,4,pareto_front_results_36/solution_405_coords.txt
404,858251.31,1084798.29,6946.38,4,pareto_front_results_36/solution_404_coords.txt
403,858251.31,1084798.29,6946.38,4,pareto_front_results_36/solution_403_coords.txt
402,858251.31,1084798.29,6946.38,4,pareto_front_results_36/solution_402_coords.txt
401,858251.31,1084798.29,6946.38,4,pareto_front_results_36/solution_401_coords.txt
432,858251.31,1084798.29,6946.38,4,pareto_front_results_36/solution_432_coords.txt
431,858251.31,1084798.29,6946.38,4,pareto_front_results_36/solution_431_coords.txt
430,858251.31,1084798.29,6946.38,4,pareto_front_results_36/solution_430_coords.txt
429,858251.31,1084798.29,6946.38,4,pareto_front_results_36/solution_429_coords.txt
428,858251.31,1084798.29,6946.38,4,pareto_front_results_36/solution_428_coords.txt
427,858251.31,1084798.29,6946.38,4,pareto_front_results_36/solution_427_coords.txt
426,858251.31,1084798.29,6946.38,4,pareto_front_results_36/solution_426_coords.txt
425,858251.31,1084798.29,6946.38,4,pareto_front_results_36/solution_425_coords.txt
424,858251.31,1084798.29,6946.38,4,pareto_front_results_36/solution_424_coords.txt
423,858251.31,1084798.29,6946.38,4,pareto_front_results_36/solution_423_coords.txt
422,858251.31,1084798.29,6946.38,4,pareto_front_results_36/solution_422_coords.txt
421,858251.31,1084798.29,6946.38,4,pareto_front_results_36/solution_421_coords.txt
420,858251.31,1084798.29,6946.38,4,pareto_front_results_36/solution_420_coords.txt
419,858251.31,1084798.29,6946.38,4,pareto_front_results_36/solution_419_coords.txt
418,858251.31,1084798.29,6946.38,4,pareto_front_results_36/solution_418_coords.txt
417,858251.31,1084798.29,6946.38,4,pareto_front_results_36/solution_417_coords.txt
448,858251.31,1084798.29,6946.38,4,pareto_front_results_36/solution_448_coords.txt
447,858251.31,1084798.29,6946.38,4,pareto_front_results_36/solution_447_coords.txt
446,858251.31,1084798.29,6946.38,4,pareto_front_results_36/solution_446_coords.txt
445,858251.31,1084798.29,6946.38,4,pareto_front_results_36/solution_445_coords.txt
444,858251.31,1084798.29,6946.38,4,pareto_front_results_36/solution_444_coords.txt
443,858251.31,1084798.29,6946.38,4,pareto_front_results_36/solution_443_coords.txt
442,858251.31,1084798.29,6946.38,4,pareto_front_results_36/solution_442_coords.txt
441,858251.31,1084798.29,6946.38,4,pareto_front_results_36/solution_441_coords.txt
440,858251.31,1084798.29,6946.38,4,pareto_front_results_36/solution_440_coords.txt
439,858251.31,1084798.29,6946.38,4,pareto_front_results_36/solution_439_coords.txt
438,858251.31,1084798.29,6946.38,4,pareto_front_results_36/solution_438_coords.txt
437,858251.31,1084798.29,6946.38,4,pareto_front_results_36/solution_437_coords.txt
436,858251.31,1084798.29,6946.38,4,pareto_front_results_36/solution_436_coords.txt
435,858251.31,1084798.29,6946.38,4,pareto_front_results_36/solution_435_coords.txt
434,858251.31,1084798.29,6946.38,4,pareto_front_results_36/solution_434_coords.txt
433,858251.31,1084798.29,6946.38,4,pareto_front_results_36/solution_433_coords.txt
464,858251.31,1084798.29,6946.38,4,pareto_front_results_36/solution_464_coords.txt
463,858251.31,1084798.29,6946.38,4,pareto_front_results_36/solution_463_coords.txt
462,858251.31,1084798.29,6946.38,4,pareto_front_results_36/solution_462_coords.txt
461,858251.31,1084798.29,6946.38,4,pareto_front_results_36/solution_461_coords.txt
460,858251.31,1084798.29,6946.38,4,pareto_front_results_36/solution_460_coords.txt
459,858251.31,1084798.29,6946.38,4,pareto_front_results_36/solution_459_coords.txt
458,858251.31,1084798.29,6946.38,4,pareto_front_results_36/solution_458_coords.txt
457,858251.31,1084798.29,6946.38,4,pareto_front_results_36/solution_457_coords.txt
456,858251.31,1084798.29,6946.38,4,pareto_front_results_36/solution_456_coords.txt
455,858251.31,1084798.29,6946.38,4,pareto_front_results_36/solution_455_coords.txt
454,858251.31,1084798.29,6946.38,4,pareto_front_results_36/solution_454_coords.txt
453,858251.31,1084798.29,6946.38,4,pareto_front_results_36/solution_453_coords.txt
452,858251.31,1084798.29,6946.38,4,pareto_front_results_36/solution_452_coords.txt
451,858251.31,1084798.29,6946.38,4,pareto_front_results_36/solution_451_coords.txt
450,858251.31,1084798.29,6946.38,4,pareto_front_results_36/solution_450_coords.txt
449,858251.31,1084798.29,6946.38,4,pareto_front_results_36/solution_449_coords.txt
480,858251.31,1084798.29,6946.38,4,pareto_front_results_36/solution_480_coords.txt
479,858251.31,1084798.29,6946.38,4,pareto_front_results_36/solution_479_coords.txt
478,858251.31,1084798.29,6946.38,4,pareto_front_results_36/solution_478_coords.txt
477,858251.31,1084798.29,6946.38,4,pareto_front_results_36/solution_477_coords.txt
476,858251.31,1084798.29,6946.38,4,pareto_front_results_36/solution_476_coords.txt
475,858251.31,1084798.29,6946.38,4,pareto_front_results_36/solution_475_coords.txt
474,858251.31,1084798.29,6946.38,4,pareto_front_results_36/solution_474_coords.txt
473,858251.31,1084798.29,6946.38,4,pareto_front_results_36/solution_473_coords.txt
472,858251.31,1084798.29,6946.38,4,pareto_front_results_36/solution_472_coords.txt
471,858251.31,1084798.29,6946.38,4,pareto_front_results_36/solution_471_coords.txt
470,858251.31,1084798.29,6946.38,4,pareto_front_results_36/solution_470_coords.txt
469,858251.31,1084798.29,6946.38,4,pareto_front_results_36/solution_469_coords.txt
468,858251.31,1084798.29,6946.38,4,pareto_front_results_36/solution_468_coords.txt
467,858251.31,1084798.29,6946.38,4,pareto_front_results_36/solution_467_coords.txt
466,858251.31,1084798.29,6946.38,4,pareto_front_results_36/solution_466_coords.txt
465,858251.31,1084798.29,6946.38,4,pareto_front_results_36/solution_465_coords.txt
496,858251.31,1084798.29,6946.38,4,pareto_front_results_36/solution_496_coords.txt
495,858251.31,1084798.29,6946.38,4,pareto_front_results_36/solution_495_coords.txt
494,858251.31,1084798.29,6946.38,4,pareto_front_results_36/solution_494_coords.txt
493,858251.31,1084798.29,6946.38,4,pareto_front_results_36/solution_493_coords.txt
492,858251.31,1084798.29,6946.38,4,pareto_front_results_36/solution_492_coords.txt
491,858251.31,1084798.29,6946.38,4,pareto_front_results_36/solution_491_coords.txt
490,858251.31,1084798.29,6946.38,4,pareto_front_results_36/solution_490_coords.txt
489,858251.31,1084798.29,6946.38,4,pareto_front_results_36/solution_489_coords.txt
488,858251.31,1084798.29,6946.38,4,pareto_front_results_36/solution_488_coords.txt
487,858251.31,1084798.29,6946.38,4,pareto_front_results_36/solution_487_coords.txt
486,858251.31,1084798.29,6946.38,4,pareto_front_results_36/solution_486_coords.txt
485,858251.31,1084798.29,6946.38,4,pareto_front_results_36/solution_485_coords.txt
484,858251.31,1084798.29,6946.38,4,pareto_front_results_36/solution_484_coords.txt
483,858251.31,1084798.29,6946.38,4,pareto_front_results_36/solution_483_coords.txt
482,858251.31,1084798.29,6946.38,4,pareto_front_results_36/solution_482_coords.txt
481,858251.31,1084798.29,6946.38,4,pareto_front_results_36/solution_481_coords.txt
512,858251.31,1084798.29,6946.38,4,pareto_front_results_36/solution_512_coords.txt
511,858251.31,1084798.29,6946.38,4,pareto_front_results_36/solution_511_coords.txt
510,858251.31,1084798.29,6946.38,4,pareto_front_results_36/solution_510_coords.txt
509,858251.31,1084798.29,6946.38,4,pareto_front_results_36/solution_509_coords.txt
508,858251.31,1084798.29,6946.38,4,pareto_front_results_36/solution_508_coords.txt
507,858251.31,1084798.29,6946.38,4,pareto_front_results_36/solution_507_coords.txt
506,858251.31,1084798.29,6946.38,4,pareto_front_results_36/solution_506_coords.txt
505,858251.31,1084798.29,6946.38,4,pareto_front_results_36/solution_505_coords.txt
504,858251.31,1084798.29,6946.38,4,pareto_front_results_36/solution_504_coords.txt
503,858251.31,1084798.29,6946.38,4,pareto_front_results_36/solution_503_coords.txt
502,858251.31,1084798.29,6946.38,4,pareto_front_results_36/solution_502_coords.txt
501,858251.31,1084798.29,6946.38,4,pareto_front_results_36/solution_501_coords.txt
500,858251.31,1084798.29,6946.38,4,pareto_front_results_36/solution_500_coords.txt
499,858251.31,1084798.29,6946.38,4,pareto_front_results_36/solution_499_coords.txt
498,858251.31,1084798.29,6946.38,4,pareto_front_results_36/solution_498_coords.txt
497,858251.31,1084798.29,6946.38,4,pareto_front_results_36/solution_497_coords.txt
528,858251.31,1084798.29,6946.38,4,pareto_front_results_36/solution_528_coords.txt
527,858251.31,1084798.29,6946.38,4,pareto_front_results_36/solution_527_coords.txt
526,858251.31,1084798.29,6946.38,4,pareto_front_results_36/solution_526_coords.txt
525,858251.31,1084798.29,6946.38,4,pareto_front_results_36/solution_525_coords.txt
524,858251.31,1084798.29,6946.38,4,pareto_front_results_36/solution_524_coords.txt
523,858251.31,1084798.29,6946.38,4,pareto_front_results_36/solution_523_coords.txt
522,858251.31,1084798.29,6946.38,4,pareto_front_results_36/solution_522_coords.txt
521,858251.31,1084798.29,6946.38,4,pareto_front_results_36/solution_521_coords.txt
520,858251.31,1084798.29,6946.38,4,pareto_front_results_36/solution_520_coords.txt
519,858251.31,1084798.29,6946.38,4,pareto_front_results_36/solution_519_coords.txt
518,858251.31,1084798.29,6946.38,4,pareto_front_results_36/solution_518_coords.txt
517,858251.31,1084798.29,6946.38,4,pareto_front_results_36/solution_517_coords.txt
516,858251.31,1084798.29,6946.38,4,pareto_front_results_36/solution_516_coords.txt
515,858251.31,1084798.29,6946.38,4,pareto_front_results_36/solution_515_coords.txt
514,858251.31,1084798.29,6946.38,4,pareto_front_results_36/solution_514_coords.txt
513,858251.31,1084798.29,6946.38,4,pareto_front_results_36/solution_513_coords.txt
544,858251.31,1084798.29,6946.38,4,pareto_front_results_36/solution_544_coords.txt
543,858251.31,1084798.29,6946.38,4,pareto_front_results_36/solution_543_coords.txt
542,858251.31,1084798.29,6946.38,4,pareto_front_results_36/solution_542_coords.txt
541,858251.31,1084798.29,6946.38,4,pareto_front_results_36/solution_541_coords.txt
540,858251.31,1084798.29,6946.38,4,pareto_front_results_36/solution_540_coords.txt
539,858251.31,1084798.29,6946.38,4,pareto_front_results_36/solution_539_coords.txt
538,858251.31,1084798.29,6946.38,4,pareto_front_results_36/solution_538_coords.txt
537,858251.31,1084798.29,6946.38,4,pareto_front_results_36/solution_537_coords.txt
536,858251.31,1084798.29,6946.38,4,pareto_front_results_36/solution_536_coords.txt
535,858251.31,1084798.29,6946.38,4,pareto_front_results_36/solution_535_coords.txt
534,858251.31,1084798.29,6946.38,4,pareto_front_results_36/solution_534_coords.txt
533,858251.31,1084798.29,6946.38,4,pareto_front_results_36/solution_533_coords.txt
532,858251.31,1084798.29,6946.38,4,pareto_front_results_36/solution_532_coords.txt
531,858251.31,1084798.29,6946.38,4,pareto_front_results_36/solution_531_coords.txt
530,858251.31,1084798.29,6946.38,4,pareto_front_results_36/solution_530_coords.txt
529,858251.31,1084798.29,6946.38,4,pareto_front_results_36/solution_529_coords.txt
560,858251.31,1084798.29,6946.38,4,pareto_front_results_36/solution_560_coords.txt
559,858251.31,1084798.29,6946.38,4,pareto_front_results_36/solution_559_coords.txt
558,858251.31,1084798.29,6946.38,4,pareto_front_results_36/solution_558_coords.txt
557,858251.31,1084798.29,6946.38,4,pareto_front_results_36/solution_557_coords.txt
556,858251.31,1084798.29,6946.38,4,pareto_front_results_36/solution_556_coords.txt
555,858251.31,1084798.29,6946.38,4,pareto_front_results_36/solution_555_coords.txt
554,858251.31,1084798.29,6946.38,4,pareto_front_results_36/solution_554_coords.txt
553,858251.31,1084798.29,6946.38,4,pareto_front_results_36/solution_553_coords.txt
552,858251.31,1084798.29,6946.38,4,pareto_front_results_36/solution_552_coords.txt
551,858251.31,1084798.29,6946.38,4,pareto_front_results_36/solution_551_coords.txt
550,858251.31,1084798.29,6946.38,4,pareto_front_results_36/solution_550_coords.txt
549,858251.31,1084798.29,6946.38,4,pareto_front_results_36/solution_549_coords.txt
548,858251.31,1084798.29,6946.38,4,pareto_front_results_36/solution_548_coords.txt
547,858251.31,1084798.29,6946.38,4,pareto_front_results_36/solution_547_coords.txt
546,858251.31,1084798.29,6946.38,4,pareto_front_results_36/solution_546_coords.txt
545,858251.31,1084798.29,6946.38,4,pareto_front_results_36/solution_545_coords.txt
576,858251.31,1084798.29,6946.38,4,pareto_front_results_36/solution_576_coords.txt
575,858251.31,1084798.29,6946.38,4,pareto_front_results_36/solution_575_coords.txt
574,858251.31,1084798.29,6946.38,4,pareto_front_results_36/solution_574_coords.txt
573,858251.31,1084798.29,6946.38,4,pareto_front_results_36/solution_573_coords.txt
572,858251.31,1084798.29,6946.38,4,pareto_front_results_36/solution_572_coords.txt
571,858251.31,1084798.29,6946.38,4,pareto_front_results_36/solution_571_coords.txt
570,858251.31,1084798.29,6946.38,4,pareto_front_results_36/solution_570_coords.txt
569,858251.31,1084798.29,6946.38,4,pareto_front_results_36/solution_569_coords.txt
568,858251.31,1084798.29,6946.38,4,pareto_front_results_36/solution_568_coords.txt
567,858251.31,1084798.29,6946.38,4,pareto_front_results_36/solution_567_coords.txt
566,858251.31,1084798.29,6946.38,4,pareto_front_results_36/solution_566_coords.txt
565,858251.31,1084798.29,6946.38,4,pareto_front_results_36/solution_565_coords.txt
564,858251.31,1084798.29,6946.38,4,pareto_front_results_36/solution_564_coords.txt
563,858251.31,1084798.29,6946.38,4,pareto_front_results_36/solution_563_coords.txt
562,858251.31,1084798.29,6946.38,4,pareto_front_results_36/solution_562_coords.txt
561,858251.31,1084798.29,6946.38,4,pareto_front_results_36/solution_561_coords.txt
592,858251.31,1084798.29,6946.38,4,pareto_front_results_36/solution_592_coords.txt
591,858251.31,1084798.29,6946.38,4,pareto_front_results_36/solution_591_coords.txt
590,858251.31,1084798.29,6946.38,4,pareto_front_results_36/solution_590_coords.txt
589,858251.31,1084798.29,6946.38,4,pareto_front_results_36/solution_589_coords.txt
588,858251.31,1084798.29,6946.38,4,pareto_front_results_36/solution_588_coords.txt
587,858251.31,1084798.29,6946.38,4,pareto_front_results_36/solution_587_coords.txt
586,858251.31,1084798.29,6946.38,4,pareto_front_results_36/solution_586_coords.txt
585,858251.31,1084798.29,6946.38,4,pareto_front_results_36/solution_585_coords.txt
584,858251.31,1084798.29,6946.38,4,pareto_front_results_36/solution_584_coords.txt
583,858251.31,1084798.29,6946.38,4,pareto_front_results_36/solution_583_coords.txt
582,858251.31,1084798.29,6946.38,4,pareto_front_results_36/solution_582_coords.txt
581,858251.31,1084798.29,6946.38,4,pareto_front_results_36/solution_581_coords.txt
580,858251.31,1084798.29,6946.38,4,pareto_front_results_36/solution_580_coords.txt
579,858251.31,1084798.29,6946.38,4,pareto_front_results_36/solution_579_coords.txt
578,858251.31,1084798.29,6946.38,4,pareto_front_results_36/solution_578_coords.txt
577,858251.31,1084798.29,6946.38,4,pareto_front_results_36/solution_577_coords.txt
608,858251.31,1084798.29,6946.38,4,pareto_front_results_36/solution_608_coords.txt
607,858251.31,1084798.29,6946.38,4,pareto_front_results_36/solution_607_coords.txt
606,858251.31,1084798.29,6946.38,4,pareto_front_results_36/solution_606_coords.txt
605,858251.31,1084798.29,6946.38,4,pareto_front_results_36/solution_605_coords.txt
604,858251.31,1084798.29,6946.38,4,pareto_front_results_36/solution_604_coords.txt
603,858251.31,1084798.29,6946.38,4,pareto_front_results_36/solution_603_coords.txt
602,858251.31,1084798.29,6946.38,4,pareto_front_results_36/solution_602_coords.txt
601,858251.31,1084798.29,6946.38,4,pareto_front_results_36/solution_601_coords.txt
600,858251.31,1084798.29,6946.38,4,pareto_front_results_36/solution_600_coords.txt
599,858251.31,1084798.29,6946.38,4,pareto_front_results_36/solution_599_coords.txt
598,858251.31,1084798.29,6946.38,4,pareto_front_results_36/solution_598_coords.txt
597,858251.31,1084798.29,6946.38,4,pareto_front_results_36/solution_597_coords.txt
596,858251.31,1084798.29,6946.38,4,pareto_front_results_36/solution_596_coords.txt
595,858251.31,1084798.29,6946.38,4,pareto_front_results_36/solution_595_coords.txt
594,858251.31,1084798.29,6946.38,4,pareto_front_results_36/solution_594_coords.txt
593,858251.31,1084798.29,6946.38,4,pareto_front_results_36/solution_593_coords.txt
16,858251.31,1084798.29,6946.38,4,pareto_front_results_36/solution_16_coords.txt
15,858251.31,1084798.29,6946.38,4,pareto_front_results_36/solution_15_coords.txt
14,858251.31,1084798.29,6946.38,4,pareto_front_results_36/solution_14_coords.txt
13,858251.31,1084798.29,6946.38,4,pareto_front_results_36/solution_13_coords.txt
12,858251.31,1084798.29,6946.38,4,pareto_front_results_36/solution_12_coords.txt
11,858251.31,1084798.29,6946.38,4,pareto_front_results_36/solution_11_coords.txt
10,858251.31,1084798.29,6946.38,4,pareto_front_results_36/solution_10_coords.txt
9,858251.31,1084798.29,6946.38,4,pareto_front_results_36/solution_9_coords.txt
8,858251.31,1084798.29,6946.38,4,pareto_front_results_36/solution_8_coords.txt
7,858251.31,1084798.29,6946.38,4,pareto_front_results_36/solution_7_coords.txt
6,858251.31,1084798.29,6946.38,4,pareto_front_results_36/solution_6_coords.txt
5,858251.31,1084798.29,6946.38,4,pareto_front_results_36/solution_5_coords.txt
4,858251.31,1084798.29,6946.38,4,pareto_front_results_36/solution_4_coords.txt
3,858251.31,1084798.29,6946.38,4,pareto_front_results_36/solution_3_coords.txt
2,858251.31,1084798.29,6946.38,4,pareto_front_results_36/solution_2_coords.txt
1,858251.31,1084798.29,6946.38,4,pareto_front_results_36/solution_1_coords.txt
656,742709.73,1047017.49,6889.92,4,pareto_front_results_36/solution_656_coords.txt
657,742709.73,1047017.49,6889.92,4,pareto_front_results_36/solution_657_coords.txt
658,742709.73,1047017.49,6889.92,4,pareto_front_results_36/solution_658_coords.txt
659,742709.73,1047017.49,6889.92,4,pareto_front_results_36/solution_659_coords.txt
660,742709.73,1047017.49,6889.92,4,pareto_front_results_36/solution_660_coords.txt
661,742709.73,1047017.49,6889.92,4,pareto_front_results_36/solution_661_coords.txt
662,742709.73,1047017.49,6889.92,4,pareto_front_results_36/solution_662_coords.txt
663,742709.73,1047017.49,6889.92,4,pareto_front_results_36/solution_663_coords.txt
664,742709.73,1047017.49,6889.92,4,pareto_front_results_36/solution_664_coords.txt
643,742709.73,1047017.49,6889.92,4,pareto_front_results_36/solution_643_coords.txt
666,742709.73,1047017.49,6889.92,4,pareto_front_results_36/solution_666_coords.txt
667,742709.73,1047017.49,6889.92,4,pareto_front_results_36/solution_667_coords.txt
636,742709.73,1047017.49,6889.92,4,pareto_front_results_36/solution_636_coords.txt
637,742709.73,1047017.49,6889.92,4,pareto_front_results_36/solution_637_coords.txt
638,742709.73,1047017.49,6889.92,4,pareto_front_results_36/solution_638_coords.txt
639,742709.73,1047017.49,6889.92,4,pareto_front_results_36/solution_639_coords.txt
640,742709.73,1047017.49,6889.92,4,pareto_front_results_36/solution_640_coords.txt
641,742709.73,1047017.49,6889.92,4,pareto_front_results_36/solution_641_coords.txt
642,742709.73,1047017.49,6889.92,4,pareto_front_results_36/solution_642_coords.txt
665,742709.73,1047017.49,6889.92,4,pareto_front_results_36/solution_665_coords.txt
668,742709.73,1047017.49,6889.92,4,pareto_front_results_36/solution_668_coords.txt
669,742709.73,1047017.49,6889.92,4,pareto_front_results_36/solution_669_coords.txt
670,742709.73,1047017.49,6889.92,4,pareto_front_results_36/solution_670_coords.txt
671,742709.73,1047017.49,6889.92,4,pareto_front_results_36/solution_671_coords.txt
672,742709.73,1047017.49,6889.92,4,pareto_front_results_36/solution_672_coords.txt
673,742709.73,1047017.49,6889.92,4,pareto_front_results_36/solution_673_coords.txt
674,742709.73,1047017.49,6889.92,4,pareto_front_results_36/solution_674_coords.txt
675,742709.73,1047017.49,6889.92,4,pareto_front_results_36/solution_675_coords.txt
676,742709.73,1047017.49,6889.92,4,pareto_front_results_36/solution_676_coords.txt
655,742709.73,1047017.49,6889.92,4,pareto_front_results_36/solution_655_coords.txt
678,742709.73,1047017.49,6889.92,4,pareto_front_results_36/solution_678_coords.txt
679,742709.73,1047017.49,6889.92,4,pareto_front_results_36/solution_679_coords.txt
680,742709.73,1047017.49,6889.92,4,pareto_front_results_36/solution_680_coords.txt
681,742709.73,1047017.49,6889.92,4,pareto_front_results_36/solution_681_coords.txt
682,742709.73,1047017.49,6889.92,4,pareto_front_results_36/solution_682_coords.txt
683,742709.73,1047017.49,6889.92,4,pareto_front_results_36/solution_683_coords.txt
652,742709.73,1047017.49,6889.92,4,pareto_front_results_36/solution_652_coords.txt
653,742709.73,1047017.49,6889.92,4,pareto_front_results_36/solution_653_coords.txt
654,742709.73,1047017.49,6889.92,4,pareto_front_results_36/solution_654_coords.txt
677,742709.73,1047017.49,6889.92,4,pareto_front_results_36/solution_677_coords.txt
622,742709.73,1047017.49,6889.92,4,pareto_front_results_36/solution_622_coords.txt
623,742709.73,1047017.49,6889.92,4,pareto_front_results_36/solution_623_coords.txt
624,742709.73,1047017.49,6889.92,4,pareto_front_results_36/solution_624_coords.txt
625,742709.73,1047017.49,6889.92,4,pareto_front_results_36/solution_625_coords.txt
626,742709.73,1047017.49,6889.92,4,pareto_front_results_36/solution_626_coords.txt
627,742709.73,1047017.49,6889.92,4,pareto_front_results_36/solution_627_coords.txt
628,742709.73,1047017.49,6889.92,4,pareto_front_results_36/solution_628_coords.txt
629,742709.73,1047017.49,6889.92,4,pareto_front_results_36/solution_629_coords.txt
630,742709.73,1047017.49,6889.92,4,pareto_front_results_36/solution_630_coords.txt
631,742709.73,1047017.49,6889.92,4,pareto_front_results_36/solution_631_coords.txt
632,742709.73,1047017.49,6889.92,4,pareto_front_results_36/solution_632_coords.txt
633,742709.73,1047017.49,6889.92,4,pareto_front_results_36/solution_633_coords.txt
634,742709.73,1047017.49,6889.92,4,pareto_front_results_36/solution_634_coords.txt
635,742709.73,1047017.49,6889.92,4,pareto_front_results_36/solution_635_coords.txt
644,742709.73,1047017.49,6889.92,4,pareto_front_results_36/solution_644_coords.txt
645,742709.73,1047017.49,6889.92,4,pareto_front_results_36/solution_645_coords.txt
646,742709.73,1047017.49,6889.92,4,pareto_front_results_36/solution_646_coords.txt
647,742709.73,1047017.49,6889.92,4,pareto_front_results_36/solution_647_coords.txt
648,742709.73,1047017.49,6889.92,4,pareto_front_results_36/solution_648_coords.txt
649,742709.73,1047017.49,6889.92,4,pareto_front_results_36/solution_649_coords.txt
650,742709.73,1047017.49,6889.92,4,pareto_front_results_36/solution_650_coords.txt
651,742709.73,1047017.49,6889.92,4,pareto_front_results_36/solution_651_coords.txt
621,742709.73,1047017.49,6889.92,4,pareto_front_results_36/solution_621_coords.txt
911,737478.65,1009543.63,6161.33,4,pareto_front_results_36/solution_911_coords.txt
913,737478.65,1009543.63,6161.33,4,pareto_front_results_36/solution_913_coords.txt
914,737478.65,1009543.63,6161.33,4,pareto_front_results_36/solution_914_coords.txt
915,737478.65,1009543.63,6161.33,4,pareto_front_results_36/solution_915_coords.txt
916,737478.65,1009543.63,6161.33,4,pareto_front_results_36/solution_916_coords.txt
917,737478.65,1009543.63,6161.33,4,pareto_front_results_36/solution_917_coords.txt
918,737478.65,1009543.63,6161.33,4,pareto_front_results_36/solution_918_coords.txt
919,737478.65,1009543.63,6161.33,4,pareto_front_results_36/solution_919_coords.txt
920,737478.65,1009543.63,6161.33,4,pareto_front_results_36/solution_920_coords.txt
921,737478.65,1009543.63,6161.33,4,pareto_front_results_36/solution_921_coords.txt
922,737478.65,1009543.63,6161.33,4,pareto_front_results_36/solution_922_coords.txt
923,737478.65,1009543.63,6161.33,4,pareto_front_results_36/solution_923_coords.txt
892,737478.65,1009543.63,6161.33,4,pareto_front_results_36/solution_892_coords.txt
893,737478.65,1009543.63,6161.33,4,pareto_front_results_36/solution_893_coords.txt
894,737478.65,1009543.63,6161.33,4,pareto_front_results_36/solution_894_coords.txt
895,737478.65,1009543.63,6161.33,4,pareto_front_results_36/solution_895_coords.txt
896,737478.65,1009543.63,6161.33,4,pareto_front_results_36/solution_896_coords.txt
897,737478.65,1009543.63,6161.33,4,pareto_front_results_36/solution_897_coords.txt
898,737478.65,1009543.63,6161.33,4,pareto_front_results_36/solution_898_coords.txt
899,737478.65,1009543.63,6161.33,4,pareto_front_results_36/solution_899_coords.txt
900,737478.65,1009543.63,6161.33,4,pareto_front_results_36/solution_900_coords.txt
912,737478.65,1009543.63,6161.33,4,pareto_front_results_36/solution_912_coords.txt
926,737478.65,1009543.63,6161.33,4,pareto_front_results_36/solution_926_coords.txt
927,737478.65,1009543.63,6161.33,4,pareto_front_results_36/solution_927_coords.txt
928,737478.65,1009543.63,6161.33,4,pareto_front_results_36/solution_928_coords.txt
929,737478.65,1009543.63,6161.33,4,pareto_front_results_36/solution_929_coords.txt
930,737478.65,1009543.63,6161.33,4,pareto_front_results_36/solution_930_coords.txt
931,737478.65,1009543.63,6161.33,4,pareto_front_results_36/solution_931_coords.txt
932,737478.65,1009543.63,6161.33,4,pareto_front_results_36/solution_932_coords.txt
933,737478.65,1009543.63,6161.33,4,pareto_front_results_36/solution_933_coords.txt
934,737478.65,1009543.63,6161.33,4,pareto_front_results_36/solution_934_coords.txt
935,737478.65,1009543.63,6161.33,4,pareto_front_results_36/solution_935_coords.txt
938,737478.65,1009543.63,6161.33,4,pareto_front_results_36/solution_938_coords.txt
924,737478.65,1009543.63,6161.33,4,pareto_front_results_36/solution_924_coords.txt
955,737478.65,1009543.63,6161.33,4,pareto_front_results_36/solution_955_coords.txt
954,737478.65,1009543.63,6161.33,4,pareto_front_results_36/solution_954_coords.txt
953,737478.65,1009543.63,6161.33,4,pareto_front_results_36/solution_953_coords.txt
901,737478.65,1009543.63,6161.33,4,pareto_front_results_36/solution_901_coords.txt
936,737478.65,1009543.63,6161.33,4,pareto_front_results_36/solution_936_coords.txt
937,737478.65,1009543.63,6161.33,4,pareto_front_results_36/solution_937_coords.txt
939,737478.65,1009543.63,6161.33,4,pareto_front_results_36/solution_939_coords.txt
908,737478.65,1009543.63,6161.33,4,pareto_front_results_36/solution_908_coords.txt
909,737478.65,1009543.63,6161.33,4,pareto_front_results_36/solution_909_coords.txt
910,737478.65,1009543.63,6161.33,4,pareto_front_results_36/solution_910_coords.txt
925,737478.65,1009543.63,6161.33,4,pareto_front_results_36/solution_925_coords.txt
862,737478.65,1009543.63,6161.33,4,pareto_front_results_36/solution_862_coords.txt
863,737478.65,1009543.63,6161.33,4,pareto_front_results_36/solution_863_coords.txt
864,737478.65,1009543.63,6161.33,4,pareto_front_results_36/solution_864_coords.txt
865,737478.65,1009543.63,6161.33,4,pareto_front_results_36/solution_865_coords.txt
866,737478.65,1009543.63,6161.33,4,pareto_front_results_36/solution_866_coords.txt
951,737478.65,1009543.63,6161.33,4,pareto_front_results_36/solution_951_coords.txt
851,737478.65,1009543.63,6161.33,4,pareto_front_results_36/solution_851_coords.txt
849,737478.65,1009543.63,6161.33,4,pareto_front_results_36/solution_849_coords.txt
848,737478.65,1009543.63,6161.33,4,pareto_front_results_36/solution_848_coords.txt
847,737478.65,1009543.63,6161.33,4,pareto_front_results_36/solution_847_coords.txt
952,737478.65,1009543.63,6161.33,4,pareto_front_results_36/solution_952_coords.txt
845,737478.65,1009543.63,6161.33,4,pareto_front_results_36/solution_845_coords.txt
844,737478.65,1009543.63,6161.33,4,pareto_front_results_36/solution_844_coords.txt
875,737478.65,1009543.63,6161.33,4,pareto_front_results_36/solution_875_coords.txt
874,737478.65,1009543.63,6161.33,4,pareto_front_results_36/solution_874_coords.txt
873,737478.65,1009543.63,6161.33,4,pareto_front_results_36/solution_873_coords.txt
872,737478.65,1009543.63,6161.33,4,pareto_front_results_36/solution_872_coords.txt
871,737478.65,1009543.63,6161.33,4,pareto_front_results_36/solution_871_coords.txt
870,737478.65,1009543.63,6161.33,4,pareto_front_results_36/solution_870_coords.txt
869,737478.65,1009543.63,6161.33,4,pareto_front_results_36/solution_869_coords.txt
868,737478.65,1009543.63,6161.33,4,pareto_front_results_36/solution_868_coords.txt
867,737478.65,1009543.63,6161.33,4,pareto_front_results_36/solution_867_coords.txt
846,737478.65,1009543.63,6161.33,4,pareto_front_results_36/solution_846_coords.txt
902,737478.65,1009543.63,6161.33,4,pareto_front_results_36/solution_902_coords.txt
903,737478.65,1009543.63,6161.33,4,pareto_front_results_36/solution_903_coords.txt
904,737478.65,1009543.63,6161.33,4,pareto_front_results_36/solution_904_coords.txt
905,737478.65,1009543.63,6161.33,4,pareto_front_results_36/solution_905_coords.txt
906,737478.65,1009543.63,6161.33,4,pareto_front_results_36/solution_906_coords.txt
907,737478.65,1009543.63,6161.33,4,pareto_front_results_36/solution_907_coords.txt
876,737478.65,1009543.63,6161.33,4,pareto_front_results_36/solution_876_coords.txt
877,737478.65,1009543.63,6161.33,4,pareto_front_results_36/solution_877_coords.txt
878,737478.65,1009543.63,6161.33,4,pareto_front_results_36/solution_878_coords.txt
879,737478.65,1009543.63,6161.33,4,pareto_front_results_36/solution_879_coords.txt
880,737478.65,1009543.63,6161.33,4,pareto_front_results_36/solution_880_coords.txt
861,737478.65,1009543.63,6161.33,4,pareto_front_results_36/solution_861_coords.txt
882,737478.65,1009543.63,6161.33,4,pareto_front_results_36/solution_882_coords.txt
883,737478.65,1009543.63,6161.33,4,pareto_front_results_36/solution_883_coords.txt
884,737478.65,1009543.63,6161.33,4,pareto_front_results_36/solution_884_coords.txt
885,737478.65,1009543.63,6161.33,4,pareto_front_results_36/solution_885_coords.txt
886,737478.65,1009543.63,6161.33,4,pareto_front_results_36/solution_886_coords.txt
887,737478.65,1009543.63,6161.33,4,pareto_front_results_36/solution_887_coords.txt
888,737478.65,1009543.63,6161.33,4,pareto_front_results_36/solution_888_coords.txt
889,737478.65,1009543.63,6161.33,4,pareto_front_results_36/solution_889_coords.txt
890,737478.65,1009543.63,6161.33,4,pareto_front_results_36/solution_890_coords.txt
891,737478.65,1009543.63,6161.33,4,pareto_front_results_36/solution_891_coords.txt
860,737478.65,1009543.63,6161.33,4,pareto_front_results_36/solution_860_coords.txt
881,737478.65,1009543.63,6161.33,4,pareto_front_results_36/solution_881_coords.txt
1010,737478.65,1009543.63,6161.33,4,pareto_front_results_36/solution_1010_coords.txt
1011,737478.65,1009543.63,6161.33,4,pareto_front_results_36/solution_1011_coords.txt
1012,737478.65,1009543.63,6161.33,4,pareto_front_results_36/solution_1012_coords.txt
1013,737478.65,1009543.63,6161.33,4,pareto_front_results_36/solution_1013_coords.txt
1014,737478.65,1009543.63,6161.33,4,pareto_front_results_36/solution_1014_coords.txt
1015,737478.65,1009543.63,6161.33,4,pareto_front_results_36/solution_1015_coords.txt
1016,737478.65,1009543.63,6161.33,4,pareto_front_results_36/solution_1016_coords.txt
1017,737478.65,1009543.63,6161.33,4,pareto_front_results_36/solution_1017_coords.txt
1018,737478.65,1009543.63,6161.33,4,pareto_front_results_36/solution_1018_coords.txt
1019,737478.65,1009543.63,6161.33,4,pareto_front_results_36/solution_1019_coords.txt
850,737478.65,1009543.63,6161.33,4,pareto_front_results_36/solution_850_coords.txt
989,737478.65,1009543.63,6161.33,4,pareto_front_results_36/solution_989_coords.txt
990,737478.65,1009543.63,6161.33,4,pareto_front_results_36/solution_990_coords.txt
991,737478.65,1009543.63,6161.33,4,pareto_front_results_36/solution_991_coords.txt
992,737478.65,1009543.63,6161.33,4,pareto_front_results_36/solution_992_coords.txt
993,737478.65,1009543.63,6161.33,4,pareto_front_results_36/solution_993_coords.txt
994,737478.65,1009543.63,6161.33,4,pareto_front_results_36/solution_994_coords.txt
995,737478.65,1009543.63,6161.33,4,pareto_front_results_36/solution_995_coords.txt
996,737478.65,1009543.63,6161.33,4,pareto_front_results_36/solution_996_coords.txt
997,737478.65,1009543.63,6161.33,4,pareto_front_results_36/solution_997_coords.txt
998,737478.65,1009543.63,6161.33,4,pareto_front_results_36/solution_998_coords.txt
999,737478.65,1009543.63,6161.33,4,pareto_front_results_36/solution_999_coords.txt
988,737478.65,1009543.63,6161.33,4,pareto_front_results_36/solution_988_coords.txt
1056,737478.65,1009543.63,6161.33,4,pareto_front_results_36/solution_1056_coords.txt
1067,737478.65,1009543.63,6161.33,4,pareto_front_results_36/solution_1067_coords.txt
1037,737478.65,1009543.63,6161.33,4,pareto_front_results_36/solution_1037_coords.txt
1038,737478.65,1009543.63,6161.33,4,pareto_front_results_36/solution_1038_coords.txt
1039,737478.65,1009543.63,6161.33,4,pareto_front_results_36/solution_1039_coords.txt
1040,737478.65,1009543.63,6161.33,4,pareto_front_results_36/solution_1040_coords.txt
1057,737478.65,1009543.63,6161.33,4,pareto_front_results_36/solution_1057_coords.txt
1058,737478.65,1009543.63,6161.33,4,pareto_front_results_36/solution_1058_coords.txt
1059,737478.65,1009543.63,6161.33,4,pareto_front_results_36/solution_1059_coords.txt
1060,737478.65,1009543.63,6161.33,4,pareto_front_results_36/solution_1060_coords.txt
1009,737478.65,1009543.63,6161.33,4,pareto_front_results_36/solution_1009_coords.txt
1062,737478.65,1009543.63,6161.33,4,pareto_front_results_36/solution_1062_coords.txt
1063,737478.65,1009543.63,6161.33,4,pareto_front_results_36/solution_1063_coords.txt
1064,737478.65,1009543.63,6161.33,4,pareto_front_results_36/solution_1064_coords.txt
1065,737478.65,1009543.63,6161.33,4,pareto_front_results_36/solution_1065_coords.txt
1066,737478.65,1009543.63,6161.33,4,pareto_front_results_36/solution_1066_coords.txt
1036,737478.65,1009543.63,6161.33,4,pareto_front_results_36/solution_1036_coords.txt
1004,737478.65,1009543.63,6161.33,4,pareto_front_results_36/solution_1004_coords.txt
1005,737478.65,1009543.63,6161.33,4,pareto_front_results_36/solution_1005_coords.txt
1006,737478.65,1009543.63,6161.33,4,pareto_front_results_36/solution_1006_coords.txt
1007,737478.65,1009543.63,6161.33,4,pareto_front_results_36/solution_1007_coords.txt
1008,737478.65,1009543.63,6161.33,4,pareto_front_results_36/solution_1008_coords.txt
1061,737478.65,1009543.63,6161.33,4,pareto_front_results_36/solution_1061_coords.txt
961,737478.65,1009543.63,6161.33,4,pareto_front_results_36/solution_961_coords.txt
962,737478.65,1009543.63,6161.33,4,pareto_front_results_36/solution_962_coords.txt
963,737478.65,1009543.63,6161.33,4,pareto_front_results_36/solution_963_coords.txt
964,737478.65,1009543.63,6161.33,4,pareto_front_results_36/solution_964_coords.txt
965,737478.65,1009543.63,6161.33,4,pareto_front_results_36/solution_965_coords.txt
966,737478.65,1009543.63,6161.33,4,pareto_front_results_36/solution_966_coords.txt
967,737478.65,1009543.63,6161.33,4,pareto_front_results_36/solution_967_coords.txt
968,737478.65,1009543.63,6161.33,4,pareto_front_results_36/solution_968_coords.txt
969,737478.65,1009543.63,6161.33,4,pareto_front_results_36/solution_969_coords.txt
970,737478.65,1009543.63,6161.33,4,pareto_front_results_36/solution_970_coords.txt
1000,737478.65,1009543.63,6161.33,4,pareto_front_results_36/solution_1000_coords.txt
940,737478.65,1009543.63,6161.33,4,pareto_front_results_36/solution_940_coords.txt
941,737478.65,1009543.63,6161.33,4,pareto_front_results_36/solution_941_coords.txt
942,737478.65,1009543.63,6161.33,4,pareto_front_results_36/solution_942_coords.txt
943,737478.65,1009543.63,6161.33,4,pareto_front_results_36/solution_943_coords.txt
944,737478.65,1009543.63,6161.33,4,pareto_front_results_36/solution_944_coords.txt
945,737478.65,1009543.63,6161.33,4,pareto_front_results_36/solution_945_coords.txt
946,737478.65,1009543.63,6161.33,4,pareto_front_results_36/solution_946_coords.txt
947,737478.65,1009543.63,6161.33,4,pareto_front_results_36/solution_947_coords.txt
948,737478.65,1009543.63,6161.33,4,pareto_front_results_36/solution_948_coords.txt
949,737478.65,1009543.63,6161.33,4,pareto_front_results_36/solution_949_coords.txt
950,737478.65,1009543.63,6161.33,4,pareto_front_results_36/solution_950_coords.txt
971,737478.65,1009543.63,6161.33,4,pareto_front_results_36/solution_971_coords.txt
1001,737478.65,1009543.63,6161.33,4,pareto_front_results_36/solution_1001_coords.txt
1002,737478.65,1009543.63,6161.33,4,pareto_front_results_36/solution_1002_coords.txt
1003,737478.65,1009543.63,6161.33,4,pareto_front_results_36/solution_1003_coords.txt
972,737478.65,1009543.63,6161.33,4,pareto_front_results_36/solution_972_coords.txt
973,737478.65,1009543.63,6161.33,4,pareto_front_results_36/solution_973_coords.txt
974,737478.65,1009543.63,6161.33,4,pareto_front_results_36/solution_974_coords.txt
975,737478.65,1009543.63,6161.33,4,pareto_front_results_36/solution_975_coords.txt
976,737478.65,1009543.63,6161.33,4,pareto_front_results_36/solution_976_coords.txt
977,737478.65,1009543.63,6161.33,4,pareto_front_results_36/solution_977_coords.txt
978,737478.65,1009543.63,6161.33,4,pareto_front_results_36/solution_978_coords.txt
979,737478.65,1009543.63,6161.33,4,pareto_front_results_36/solution_979_coords.txt
960,737478.65,1009543.63,6161.33,4,pareto_front_results_36/solution_960_coords.txt
981,737478.65,1009543.63,6161.33,4,pareto_front_results_36/solution_981_coords.txt
982,737478.65,1009543.63,6161.33,4,pareto_front_results_36/solution_982_coords.txt
983,737478.65,1009543.63,6161.33,4,pareto_front_results_36/solution_983_coords.txt
984,737478.65,1009543.63,6161.33,4,pareto_front_results_36/solution_984_coords.txt
985,737478.65,1009543.63,6161.33,4,pareto_front_results_36/solution_985_coords.txt
986,737478.65,1009543.63,6161.33,4,pareto_front_results_36/solution_986_coords.txt
987,737478.65,1009543.63,6161.33,4,pareto_front_results_36/solution_987_coords.txt
956,737478.65,1009543.63,6161.33,4,pareto_front_results_36/solution_956_coords.txt
957,737478.65,1009543.63,6161.33,4,pareto_front_results_36/solution_957_coords.txt
958,737478.65,1009543.63,6161.33,4,pareto_front_results_36/solution_958_coords.txt
959,737478.65,1009543.63,6161.33,4,pareto_front_results_36/solution_959_coords.txt
980,737478.65,1009543.63,6161.33,4,pareto_front_results_36/solution_980_coords.txt
721,737478.65,1009543.63,6161.33,4,pareto_front_results_36/solution_721_coords.txt
722,737478.65,1009543.63,6161.33,4,pareto_front_results_36/solution_722_coords.txt
723,737478.65,1009543.63,6161.33,4,pareto_front_results_36/solution_723_coords.txt
724,737478.65,1009543.63,6161.33,4,pareto_front_results_36/solution_724_coords.txt
725,737478.65,1009543.63,6161.33,4,pareto_front_results_36/solution_725_coords.txt
726,737478.65,1009543.63,6161.33,4,pareto_front_results_36/solution_726_coords.txt
727,737478.65,1009543.63,6161.33,4,pareto_front_results_36/solution_727_coords.txt
728,737478.65,1009543.63,6161.33,4,pareto_front_results_36/solution_728_coords.txt
729,737478.65,1009543.63,6161.33,4,pareto_front_results_36/solution_729_coords.txt
730,737478.65,1009543.63,6161.33,4,pareto_front_results_36/solution_730_coords.txt
731,737478.65,1009543.63,6161.33,4,pareto_front_results_36/solution_731_coords.txt
843,737478.65,1009543.63,6161.33,4,pareto_front_results_36/solution_843_coords.txt
701,737478.65,1009543.63,6161.33,4,pareto_front_results_36/solution_701_coords.txt
702,737478.65,1009543.63,6161.33,4,pareto_front_results_36/solution_702_coords.txt
703,737478.65,1009543.63,6161.33,4,pareto_front_results_36/solution_703_coords.txt
704,737478.65,1009543.63,6161.33,4,pareto_front_results_36/solution_704_coords.txt
705,737478.65,1009543.63,6161.33,4,pareto_front_results_36/solution_705_coords.txt
706,737478.65,1009543.63,6161.33,4,pareto_front_results_36/solution_706_coords.txt
707,737478.65,1009543.63,6161.33,4,pareto_front_results_36/solution_707_coords.txt
708,737478.65,1009543.63,6161.33,4,pareto_front_results_36/solution_708_coords.txt
709,737478.65,1009543.63,6161.33,4,pareto_front_results_36/solution_709_coords.txt
710,737478.65,1009543.63,6161.33,4,pareto_front_results_36/solution_710_coords.txt
711,737478.65,1009543.63,6161.33,4,pareto_front_results_36/solution_711_coords.txt
700,737478.65,1009543.63,6161.33,4,pareto_front_results_36/solution_700_coords.txt
760,737478.65,1009543.63,6161.33,4,pareto_front_results_36/solution_760_coords.txt
761,737478.65,1009543.63,6161.33,4,pareto_front_results_36/solution_761_coords.txt
762,737478.65,1009543.63,6161.33,4,pareto_front_results_36/solution_762_coords.txt
763,737478.65,1009543.63,6161.33,4,pareto_front_results_36/solution_763_coords.txt
732,737478.65,1009543.63,6161.33,4,pareto_front_results_36/solution_732_coords.txt
733,737478.65,1009543.63,6161.33,4,pareto_front_results_36/solution_733_coords.txt
734,737478.65,1009543.63,6161.33,4,pareto_front_results_36/solution_734_coords.txt
735,737478.65,1009543.63,6161.33,4,pareto_front_results_36/solution_735_coords.txt
736,737478.65,1009543.63,6161.33,4,pareto_front_results_36/solution_736_coords.txt
737,737478.65,1009543.63,6161.33,4,pareto_front_results_36/solution_737_coords.txt
738,737478.65,1009543.63,6161.33,4,pareto_front_results_36/solution_738_coords.txt
720,737478.65,1009543.63,6161.33,4,pareto_front_results_36/solution_720_coords.txt
740,737478.65,1009543.63,6161.33,4,pareto_front_results_36/solution_740_coords.txt
741,737478.65,1009543.63,6161.33,4,pareto_front_results_36/solution_741_coords.txt
742,737478.65,1009543.63,6161.33,4,pareto_front_results_36/solution_742_coords.txt
743,737478.65,1009543.63,6161.33,4,pareto_front_results_36/solution_743_coords.txt
744,737478.65,1009543.63,6161.33,4,pareto_front_results_36/solution_744_coords.txt
745,737478.65,1009543.63,6161.33,4,pareto_front_results_36/solution_745_coords.txt
746,737478.65,1009543.63,6161.33,4,pareto_front_results_36/solution_746_coords.txt
747,737478.65,1009543.63,6161.33,4,pareto_front_results_36/solution_747_coords.txt
716,737478.65,1009543.63,6161.33,4,pareto_front_results_36/solution_716_coords.txt
717,737478.65,1009543.63,6161.33,4,pareto_front_results_36/solution_717_coords.txt
718,737478.65,1009543.63,6161.33,4,pareto_front_results_36/solution_718_coords.txt
719,737478.65,1009543.63,6161.33,4,pareto_front_results_36/solution_719_coords.txt
739,737478.65,1009543.63,6161.33,4,pareto_front_results_36/solution_739_coords.txt
1026,737478.65,1009543.63,6161.33,4,pareto_front_results_36/solution_1026_coords.txt
1027,737478.65,1009543.63,6161.33,4,pareto_front_results_36/solution_1027_coords.txt
1028,737478.65,1009543.63,6161.33,4,pareto_front_results_36/solution_1028_coords.txt
1029,737478.65,1009543.63,6161.33,4,pareto_front_results_36/solution_1029_coords.txt
1030,737478.65,1009543.63,6161.33,4,pareto_front_results_36/solution_1030_coords.txt
1031,737478.65,1009543.63,6161.33,4,pareto_front_results_36/solution_1031_coords.txt
1032,737478.65,1009543.63,6161.33,4,pareto_front_results_36/solution_1032_coords.txt
1033,737478.65,1009543.63,6161.33,4,pareto_front_results_36/solution_1033_coords.txt
1034,737478.65,1009543.63,6161.33,4,pareto_front_results_36/solution_1034_coords.txt
1041,737478.65,1009543.63,6161.33,4,pareto_front_results_36/solution_1041_coords.txt
1020,737478.65,1009543.63,6161.33,4,pareto_front_results_36/solution_1020_coords.txt
712,737478.65,1009543.63,6161.33,4,pareto_front_results_36/solution_712_coords.txt
1054,737478.65,1009543.63,6161.33,4,pareto_front_results_36/solution_1054_coords.txt
1053,737478.65,1009543.63,6161.33,4,pareto_front_results_36/solution_1053_coords.txt
1052,737478.65,1009543.63,6161.33,4,pareto_front_results_36/solution_1052_coords.txt
1051,737478.65,1009543.63,6161.33,4,pareto_front_results_36/solution_1051_coords.txt
1050,737478.65,1009543.63,6161.33,4,pareto_front_results_36/solution_1050_coords.txt
1049,737478.65,1009543.63,6161.33,4,pareto_front_results_36/solution_1049_coords.txt
1048,737478.65,1009543.63,6161.33,4,pareto_front_results_36/solution_1048_coords.txt
1047,737478.65,1009543.63,6161.33,4,pareto_front_results_36/solution_1047_coords.txt
1046,737478.65,1009543.63,6161.33,4,pareto_front_results_36/solution_1046_coords.txt
1045,737478.65,1009543.63,6161.33,4,pareto_front_results_36/solution_1045_coords.txt
1044,737478.65,1009543.63,6161.33,4,pareto_front_results_36/solution_1044_coords.txt
1043,737478.65,1009543.63,6161.33,4,pareto_front_results_36/solution_1043_coords.txt
1055,737478.65,1009543.63,6161.33,4,pareto_front_results_36/solution_1055_coords.txt
713,737478.65,1009543.63,6161.33,4,pareto_front_results_36/solution_713_coords.txt
714,737478.65,1009543.63,6161.33,4,pareto_front_results_36/solution_714_coords.txt
715,737478.65,1009543.63,6161.33,4,pareto_front_results_36/solution_715_coords.txt
684,737478.65,1009543.63,6161.33,4,pareto_front_results_36/solution_684_coords.txt
685,737478.65,1009543.63,6161.33,4,pareto_front_results_36/solution_685_coords.txt
686,737478.65,1009543.63,6161.33,4,pareto_front_results_36/solution_686_coords.txt
687,737478.65,1009543.63,6161.33,4,pareto_front_results_36/solution_687_coords.txt
688,737478.65,1009543.63,6161.33,4,pareto_front_results_36/solution_688_coords.txt
689,737478.65,1009543.63,6161.33,4,pareto_front_results_36/solution_689_coords.txt
690,737478.65,1009543.63,6161.33,4,pareto_front_results_36/solution_690_coords.txt
691,737478.65,1009543.63,6161.33,4,pareto_front_results_36/solution_691_coords.txt
1025,737478.65,1009543.63,6161.33,4,pareto_front_results_36/solution_1025_coords.txt
693,737478.65,1009543.63,6161.33,4,pareto_front_results_36/solution_693_coords.txt
694,737478.65,1009543.63,6161.33,4,pareto_front_results_36/solution_694_coords.txt
695,737478.65,1009543.63,6161.33,4,pareto_front_results_36/solution_695_coords.txt
696,737478.65,1009543.63,6161.33,4,pareto_front_results_36/solution_696_coords.txt
697,737478.65,1009543.63,6161.33,4,pareto_front_results_36/solution_697_coords.txt
698,737478.65,1009543.63,6161.33,4,pareto_front_results_36/solution_698_coords.txt
699,737478.65,1009543.63,6161.33,4,pareto_front_results_36/solution_699_coords.txt
1035,737478.65,1009543.63,6161.33,4,pareto_front_results_36/solution_1035_coords.txt
1021,737478.65,1009543.63,6161.33,4,pareto_front_results_36/solution_1021_coords.txt
1022,737478.65,1009543.63,6161.33,4,pareto_front_results_36/solution_1022_coords.txt
1023,737478.65,1009543.63,6161.33,4,pareto_front_results_36/solution_1023_coords.txt
1024,737478.65,1009543.63,6161.33,4,pareto_front_results_36/solution_1024_coords.txt
692,737478.65,1009543.63,6161.33,4,pareto_front_results_36/solution_692_coords.txt
813,737478.65,1009543.63,6161.33,4,pareto_front_results_36/solution_813_coords.txt
814,737478.65,1009543.63,6161.33,4,pareto_front_results_36/solution_814_coords.txt
815,737478.65,1009543.63,6161.33,4,pareto_front_results_36/solution_815_coords.txt
816,737478.65,1009543.63,6161.33,4,pareto_front_results_36/solution_816_coords.txt
817,737478.65,1009543.63,6161.33,4,pareto_front_results_36/solution_817_coords.txt
818,737478.65,1009543.63,6161.33,4,pareto_front_results_36/solution_818_coords.txt
819,737478.65,1009543.63,6161.33,4,pareto_front_results_36/solution_819_coords.txt
820,737478.65,1009543.63,6161.33,4,pareto_front_results_36/solution_820_coords.txt
821,737478.65,1009543.63,6161.33,4,pareto_front_results_36/solution_821_coords.txt
822,737478.65,1009543.63,6161.33,4,pareto_front_results_36/solution_822_coords.txt
823,737478.65,1009543.63,6161.33,4,pareto_front_results_36/solution_823_coords.txt
759,737478.65,1009543.63,6161.33,4,pareto_front_results_36/solution_759_coords.txt
825,737478.65,1009543.63,6161.33,4,pareto_front_results_36/solution_825_coords.txt
826,737478.65,1009543.63,6161.33,4,pareto_front_results_36/solution_826_coords.txt
827,737478.65,1009543.63,6161.33,4,pareto_front_results_36/solution_827_coords.txt
796,737478.65,1009543.63,6161.33,4,pareto_front_results_36/solution_796_coords.txt
797,737478.65,1009543.63,6161.33,4,pareto_front_results_36/solution_797_coords.txt
798,737478.65,1009543.63,6161.33,4,pareto_front_results_36/solution_798_coords.txt
799,737478.65,1009543.63,6161.33,4,pareto_front_results_36/solution_799_coords.txt
800,737478.65,1009543.63,6161.33,4,pareto_front_results_36/solution_800_coords.txt
801,737478.65,1009543.63,6161.33,4,pareto_front_results_36/solution_801_coords.txt
802,737478.65,1009543.63,6161.33,4,pareto_front_results_36/solution_802_coords.txt
803,737478.65,1009543.63,6161.33,4,pareto_front_results_36/solution_803_coords.txt
804,737478.65,1009543.63,6161.33,4,pareto_front_results_36/solution_804_coords.txt
824,737478.65,1009543.63,6161.33,4,pareto_front_results_36/solution_824_coords.txt
852,737478.65,1009543.63,6161.33,4,pareto_front_results_36/solution_852_coords.txt
853,737478.65,1009543.63,6161.33,4,pareto_front_results_36/solution_853_coords.txt
854,737478.65,1009543.63,6161.33,4,pareto_front_results_36/solution_854_coords.txt
855,737478.65,1009543.63,6161.33,4,pareto_front_results_36/solution_855_coords.txt
856,737478.65,1009543.63,6161.33,4,pareto_front_results_36/solution_856_coords.txt
857,737478.65,1009543.63,6161.33,4,pareto_front_results_36/solution_857_coords.txt
858,737478.65,1009543.63,6161.33,4,pareto_front_results_36/solution_858_coords.txt
859,737478.65,1009543.63,6161.33,4,pareto_front_results_36/solution_859_coords.txt
828,737478.65,1009543.63,6161.33,4,pareto_front_results_36/solution_828_coords.txt
829,737478.65,1009543.63,6161.33,4,pareto_front_results_36/solution_829_coords.txt
830,737478.65,1009543.63,6161.33,4,pareto_front_results_36/solution_830_coords.txt
812,737478.65,1009543.63,6161.33,4,pareto_front_results_36/solution_812_coords.txt
832,737478.65,1009543.63,6161.33,4,pareto_front_results_36/solution_832_coords.txt
833,737478.65,1009543.63,6161.33,4,pareto_front_results_36/solution_833_coords.txt
834,737478.65,1009543.63,6161.33,4,pareto_front_results_36/solution_834_coords.txt
835,737478.65,1009543.63,6161.33,4,pareto_front_results_36/solution_835_coords.txt
836,737478.65,1009543.63,6161.33,4,pareto_front_results_36/solution_836_coords.txt
837,737478.65,1009543.63,6161.33,4,pareto_front_results_36/solution_837_coords.txt
838,737478.65,1009543.63,6161.33,4,pareto_front_results_36/solution_838_coords.txt
839,737478.65,1009543.63,6161.33,4,pareto_front_results_36/solution_839_coords.txt
840,737478.65,1009543.63,6161.33,4,pareto_front_results_36/solution_840_coords.txt
841,737478.65,1009543.63,6161.33,4,pareto_front_results_36/solution_841_coords.txt
842,737478.65,1009543.63,6161.33,4,pareto_front_results_36/solution_842_coords.txt
1042,737478.65,1009543.63,6161.33,4,pareto_front_results_36/solution_1042_coords.txt
831,737478.65,1009543.63,6161.33,4,pareto_front_results_36/solution_831_coords.txt
767,737478.65,1009543.63,6161.33,4,pareto_front_results_36/solution_767_coords.txt
768,737478.65,1009543.63,6161.33,4,pareto_front_results_36/solution_768_coords.txt
769,737478.65,1009543.63,6161.33,4,pareto_front_results_36/solution_769_coords.txt
770,737478.65,1009543.63,6161.33,4,pareto_front_results_36/solution_770_coords.txt
771,737478.65,1009543.63,6161.33,4,pareto_front_results_36/solution_771_coords.txt
772,737478.65,1009543.63,6161.33,4,pareto_front_results_36/solution_772_coords.txt
773,737478.65,1009543.63,6161.33,4,pareto_front_results_36/solution_773_coords.txt
774,737478.65,1009543.63,6161.33,4,pareto_front_results_36/solution_774_coords.txt
775,737478.65,1009543.63,6161.33,4,pareto_front_results_36/solution_775_coords.txt
776,737478.65,1009543.63,6161.33,4,pareto_front_results_36/solution_776_coords.txt
777,737478.65,1009543.63,6161.33,4,pareto_front_results_36/solution_777_coords.txt
805,737478.65,1009543.63,6161.33,4,pareto_front_results_36/solution_805_coords.txt
779,737478.65,1009543.63,6161.33,4,pareto_front_results_36/solution_779_coords.txt
748,737478.65,1009543.63,6161.33,4,pareto_front_results_36/solution_748_coords.txt
749,737478.65,1009543.63,6161.33,4,pareto_front_results_36/solution_749_coords.txt
750,737478.65,1009543.63,6161.33,4,pareto_front_results_36/solution_750_coords.txt
751,737478.65,1009543.63,6161.33,4,pareto_front_results_36/solution_751_coords.txt
752,737478.65,1009543.63,6161.33,4,pareto_front_results_36/solution_752_coords.txt
753,737478.65,1009543.63,6161.33,4,pareto_front_results_36/solution_753_coords.txt
754,737478.65,1009543.63,6161.33,4,pareto_front_results_36/solution_754_coords.txt
755,737478.65,1009543.63,6161.33,4,pareto_front_results_36/solution_755_coords.txt
756,737478.65,1009543.63,6161.33,4,pareto_front_results_36/solution_756_coords.txt
757,737478.65,1009543.63,6161.33,4,pareto_front_results_36/solution_757_coords.txt
758,737478.65,1009543.63,6161.33,4,pareto_front_results_36/solution_758_coords.txt
778,737478.65,1009543.63,6161.33,4,pareto_front_results_36/solution_778_coords.txt
806,737478.65,1009543.63,6161.33,4,pareto_front_results_36/solution_806_coords.txt
807,737478.65,1009543.63,6161.33,4,pareto_front_results_36/solution_807_coords.txt
808,737478.65,1009543.63,6161.33,4,pareto_front_results_36/solution_808_coords.txt
809,737478.65,1009543.63,6161.33,4,pareto_front_results_36/solution_809_coords.txt
810,737478.65,1009543.63,6161.33,4,pareto_front_results_36/solution_810_coords.txt
811,737478.65,1009543.63,6161.33,4,pareto_front_results_36/solution_811_coords.txt
780,737478.65,1009543.63,6161.33,4,pareto_front_results_36/solution_780_coords.txt
781,737478.65,1009543.63,6161.33,4,pareto_front_results_36/solution_781_coords.txt
782,737478.65,1009543.63,6161.33,4,pareto_front_results_36/solution_782_coords.txt
783,737478.65,1009543.63,6161.33,4,pareto_front_results_36/solution_783_coords.txt
784,737478.65,1009543.63,6161.33,4,pareto_front_results_36/solution_784_coords.txt
766,737478.65,1009543.63,6161.33,4,pareto_front_results_36/solution_766_coords.txt
786,737478.65,1009543.63,6161.33,4,pareto_front_results_36/solution_786_coords.txt
787,737478.65,1009543.63,6161.33,4,pareto_front_results_36/solution_787_coords.txt
788,737478.65,1009543.63,6161.33,4,pareto_front_results_36/solution_788_coords.txt
789,737478.65,1009543.63,6161.33,4,pareto_front_results_36/solution_789_coords.txt
790,737478.65,1009543.63,6161.33,4,pareto_front_results_36/solution_790_coords.txt
791,737478.65,1009543.63,6161.33,4,pareto_front_results_36/solution_791_coords.txt
792,737478.65,1009543.63,6161.33,4,pareto_front_results_36/solution_792_coords.txt
793,737478.65,1009543.63,6161.33,4,pareto_front_results_36/solution_793_coords.txt
794,737478.65,1009543.63,6161.33,4,pareto_front_results_36/solution_794_coords.txt
795,737478.65,1009543.63,6161.33,4,pareto_front_results_36/solution_795_coords.txt
764,737478.65,1009543.63,6161.33,4,pareto_front_results_36/solution_764_coords.txt
765,737478.65,1009543.63,6161.33,4,pareto_front_results_36/solution_765_coords.txt
785,737478.65,1009543.63,6161.33,4,pareto_front_results_36/solution_785_coords.txt
