Run_ID,Seed,Method,Turbine_Count,Net_AEP_GWh,Total_Cost_USD,Turbine_Coords_X,Turbine_Coords_Y,Substation_X,Substation_Y,N_Grupos
1,613142605,Baseline,36,835.322440314374,692455.145744824666,"-55.195285110514,844.905611066844,358.891604875458,-325.222913235077,-586.020025023574,-518.820055465506,444.482237681898,938.160380181875,125.269742230691,-1239.819084686951,-1325.332378296293,199.523398614144,1266.922468056709,2305.188191388490,1018.420430322951,-1080.974114595756,-1830.266502723734,-683.778735585971,760.894765938222,2810.804034312654,2162.081350515796,1671.145517469758,392.440491848627,-250.544197701376,-828.130082553518,-1858.975163902375,-2417.192294639056,-2228.844917222832,-2486.510899452397,-2784.169132329066,-1774.965043698539,-676.380949230291,-168.350257370709,151.174952683949,1795.570205155047,2303.346147081788","-11.471952888793,-174.231941537654,637.550109993572,817.333110185981,492.479241458033,-699.878644776550,-800.014840666249,902.340098972589,1122.089447183150,374.864445676444,-432.015530275147,-1090.997039919894,-273.001369079497,-52.193215197052,1507.894860079070,2023.303199829265,0.842390969748,-1871.942217276511,-1365.224645923662,814.229575607406,1206.909865581420,1871.554829561852,2801.363776941883,2390.688341113820,2271.025820844377,1630.968247198517,1060.947987279626,137.649171699192,-250.997611443678,-647.930323309159,-1250.537691798176,-2244.813676880418,-2536.820153715068,-2479.537527273510,-1743.184865889654,-1581.738003083599",-190.932846586956,356.611160647390,9
1,613142605,Sequential,36,945.451200113478,1214265.483048179187,"-1050.348270520511,-3505.970731228895,-566.701173650518,-1690.433444310459,-816.696506817746,3518.827561504288,-1912.991706894227,4101.272691003891,1488.157708033905,-3576.735944799477,904.694275105080,-4796.365571011243,-4585.725171889690,4397.218248081443,2362.085973011345,-534.485131486152,-1810.659652157065,-4.032987755146,4583.315348193577,4890.183823250856,-170.949890878118,-4620.238448858567,-1534.042342009012,-1438.777727176007,-1143.991238725141,1601.823526531482,-2769.172584504566,-4577.225400038801,3237.392206394223,-1821.514633494697,-2254.282807121180,982.056950456493,-653.343034965581,3560.589160676311,1194.576044439345,337.303094184798","929.688896116653,-2569.028197242106,3755.957551501474,1825.126483949138,-3008.225884169211,757.065337667952,-507.268512509553,-589.189166953168,1774.678954262576,1459.012227473568,-3978.673551467440,1412.401256448744,-1992.768086832303,2380.015058511095,2952.911143089632,-3396.628255532421,-2170.191386223737,-4711.736809675220,907.513354058046,-1042.162259351029,2082.455208857805,1911.386061393403,2980.782355356912,214.009780218711,4537.269504800280,-134.360396763192,2549.610360667045,103.078760414487,-1996.888883967204,-4656.402521256585,-446.752074888161,-4593.756810807838,-2050.755869168149,2264.151010224592,-2289.359992064496,-1202.248209928924",-533.753685843494,103.038262033281,9
1,613142605,Proposed,36,937.803810792392,1089500.445927989436,"-3514.779795861565,1087.338845563870,2472.794589609473,810.561651187960,-1849.037310689886,-1021.651227657082,-726.141906169890,1736.309474000106,2094.254851848702,-1398.358016022723,-3320.431893020517,-256.256384336041,4869.539086195209,3056.583033367528,-2104.031071330840,-4967.314987033255,-2960.729601671191,4396.493857900173,3268.653066747538,2649.517813103065,-2344.586083988997,1415.323949319685,1964.518205056360,-3717.298663233089,-469.582867383537,-4687.098171908508,-280.895080851269,-2322.750643188976,3196.169117883134,1554.490569418577,680.893571087613,283.449690804480,-2094.141069993629,2179.617561128458,671.124010281111,1533.508323357416","-285.471594269032,-1584.396499083916,1510.991571097537,1090.769749493644,3538.218518384890,-981.916119260328,21.482836391628,412.577600109248,1629.736968223652,-3766.390440549235,-2953.133614525844,1135.577975058749,-35.905040084258,-840.303846454829,-1438.951114988438,82.201510709501,1743.853519918712,2222.475015549076,1397.232424753402,-3120.303511685463,-1839.402734234355,2203.293590583608,3654.729827138351,1466.018136729248,3863.433477550611,-280.058247967579,4837.382755847105,2280.728846594823,2646.595244214021,-4712.132436823163,-2144.588413026491,-4991.959161770341,-2246.695700472662,-1204.640598827788,-3386.126936126216,-3820.165020451717",52.390458153318,-108.201151729274,36
2,1062191415,Baseline,36,838.249488756373,854035.274331461638,"103.310012889012,803.840121656151,330.519161046340,-343.481166107705,-948.281764959572,-436.394827503741,515.579506068137,1676.975192924824,158.107512832013,-1220.626402076751,-1057.241543012652,104.041643837117,1104.499843667630,1719.243282669069,1090.001249770712,-1028.985909531834,-2057.430775960021,-838.045594558468,988.818110320310,2496.016107533342,1926.601535482332,1824.397382867485,531.074908014929,108.934217627498,-955.517758463823,-2069.477542303673,-2698.785100953061,-2715.355325164961,-2618.829727687946,-2490.929116903666,-1752.882313350880,-986.205566237684,-166.813258990964,349.590028402170,1355.797345977481,2244.873763391096","-204.362735932776,22.522627821863,532.737446212972,1011.402192932101,383.837776432012,-728.516937213775,-537.498137177360,236.025206754264,1537.305470006757,675.595398213615,-277.254356420145,-1505.982523997842,-300.618382347335,-56.821150020904,1840.764499402932,1763.654771474015,-360.989179255263,-1938.680410092198,-1397.388524431558,835.874650417175,976.122183891368,2295.533896640788,2668.178311317095,3042.373589672080,2056.925343107649,1433.211580713976,900.496689505871,395.611350509236,-340.689855323001,-1185.346917595920,-1744.299920565666,-2473.766640869920,-2664.828093674388,-2313.913049472723,-1663.967338639289,-876.476928136615",18.860121544783,366.350956964770,8
2,1062191415,Sequential,36,946.721001448248,1189093.120527607389,"4064.706536981760,-1097.938477003720,-6.058788436564,-2387.617462142597,-3476.923452875399,1422.018378211877,-790.571104631033,3120.987740495181,1185.759282640783,299.873573795641,-2967.646749595998,-825.965871546563,3722.590282813275,786.540953588027,-4442.385834503144,2407.399469994022,-4528.608319683026,4982.995193676434,1768.909115324878,2728.944741874898,-2507.792723414367,-1150.764578142720,-2062.391355973745,4841.616703036773,-2683.823322036280,-1417.293971883790,-2747.564091107457,858.421096719712,-223.009126414196,-2347.500950540340,-2507.720154873080,3152.162060924415,4777.367311875778,1546.518791078609,1480.871968634082,10.740929910226","1104.564164114115,4800.046815503642,2637.010967682833,169.958065161098,-3222.837724951639,-197.813795976089,3293.455397399595,-3906.332746154478,-4463.599801978730,-3349.525896887114,2895.009354814466,-4041.022258705590,-186.025521221737,-2598.654294830437,1676.390403711501,-1406.820978723088,618.388251246828,412.018081881804,2627.433039864289,-1253.388596513691,-1190.136124026552,-2845.477247619410,1313.739343988273,1238.994232850174,-2453.835046950791,2758.629647066359,4177.426428467275,2355.722290064753,-1514.047505723613,-4414.661854232122,-805.123488765103,-323.380193285036,-899.520230446553,1381.226818303613,-1589.750549156758,-647.376050049026",793.981331746209,-714.244218497191,9
2,1062191415,Proposed,36,946.207978962438,1090704.717798949918,"1775.045231874632,-3639.432489282420,3725.621647637456,2457.506400529973,-646.297741824602,646.059204029520,-2933.236572821953,1061.625584773326,3150.920883951563,-2521.332809077244,-595.613277858356,-3565.296995593823,-1683.680785771452,-3063.875281253705,-1582.625643609772,3508.501764713918,-3703.563609646708,-1794.106902103395,3402.189339474790,-2746.491533178152,-4687.960385495566,-978.207163619873,-3736.085065877255,2091.368882200374,-1113.294229056170,-2220.831330002265,-1717.837877653663,1380.229300632196,-2262.550394919168,176.660941832775,-2159.022291956723,2303.148863614504,-2198.540823581233,-95.579334777662,1021.070085295115,1635.416236733230","959.151708925585,1312.367053863206,-3334.627916073271,-2564.725866971546,-1210.223094244544,1865.979558989721,911.779467989794,4156.632321929172,-532.196931929049,2754.138484033213,-4964.397730162122,3505.518126213251,585.544608587410,-3510.558049117765,1615.777744550627,2742.751384243777,120.874417245676,4115.038927059629,3664.028888855012,1436.931126149531,1738.685544894265,-2044.315395487058,-1273.682418065955,-516.032364338533,-4874.482122190031,-2937.123976090902,-1056.473580242233,2496.507301391291,4420.508471787910,501.388028382756,3536.639275701501,-2894.775009192551,-1776.649303703935,4989.124830551837,-2040.146679420304,1558.955436434003",-591.947171435216,373.830896404149,36
3,1682041335,Baseline,36,831.670849626877,789450.353503144230,"360.855157250221,835.701235592516,315.278266157036,-585.517749916130,-732.037795154333,-532.572409669682,475.917074590451,994.010623500466,-37.955199760585,-957.256706867639,-1143.652973910602,159.686837516825,1231.519409314278,1862.681761415119,608.591510648649,-955.954963160969,-1701.941665666486,-857.718246217469,637.235786366903,2296.753493434780,2485.852546657284,1698.994707834483,401.422916705040,-140.320294119543,-778.749845792957,-1786.227482265655,-2368.816148987745,-2627.158139923585,-2507.199636258413,-2302.190560991265,-2081.774887221158,-845.681243219464,-231.896644440183,465.141735646806,2043.344713643590,2192.423650437390","29.026768433660,-298.500669444939,560.110727893499,516.806282905198,179.534541210688,-133.790138403960,-577.325575033422,603.619025811623,1306.510175066378,710.692343620648,-704.008372920308,-1462.013201136798,-760.186765387188,-253.922811297200,1787.361062971776,1697.763742576478,-39.922561351168,-2027.208993502405,-1669.168497986125,523.487691491516,1595.701541945969,1949.994187495746,2288.778080087141,2347.524656694854,2102.493065021083,1891.115430879533,1128.114023098036,360.177642044391,-401.202063077160,-1021.768756110130,-1867.416284000589,-2528.651235261367,-2296.377172129736,-2389.691639849926,-1834.558600204635,-1380.633126667112",-354.482972673052,-41.062607586230,11
3,1682041335,Sequential,36,944.437831457006,2005545.892297028331,"1345.224577911637,-3056.556348760648,508.824106886519,-27.973719117148,567.847609318922,-1261.690265609364,500.495993358003,3284.009731490424,1631.164589545030,-3967.256578800042,-4462.650674643165,669.262736118703,1767.584288298721,4153.526482886850,-2419.775483532226,3059.686661546726,-4998.254940922874,-1971.679399330353,-2764.161391413942,4803.067956449263,1913.979658228560,3423.364767394129,354.536001309780,-850.400409739433,-1781.457855830680,-1014.672622440317,-3077.897430531084,-2760.398176298681,1410.338938006013,-917.946368144483,-1673.655645146413,-1047.300668430798,-202.072999440843,77.148014987604,-52.059247533645,3314.896437637086","-4815.638154490271,-2137.490876229145,-4310.938235070345,4999.921746491514,506.973179820246,1146.045257692077,-2588.141145587797,92.033033348948,2655.583761703677,1671.729525374812,-558.196297746335,-249.931017795567,-3556.484108069118,-2327.964986354853,3323.376999016860,2016.961231146862,132.089157541698,-2317.464210051529,-2833.609007599397,-1078.132353878599,1174.342125357645,3045.111514152102,4358.420458816436,-562.512258384671,1784.075762191891,2399.165468713061,2930.546040633358,2342.813457770980,-10.848391463198,-1703.439957878687,-1141.180624430561,-3148.507603914770,-4812.439517317479,-3004.745639975849,-848.150279595008,-1739.086338577520",-246.747479882644,-693.427605996671,7
3,1682041335,Proposed,36,932.667754816427,2771151.316513903905,"-2239.020082843466,296.951467097190,2857.204632097816,-1556.212070901156,-2979.146109473956,-2812.987398283724,2560.508556329709,-1124.944538678047,1720.719776742368,4757.726355740388,-469.449641281797,3717.126153384319,424.445262246850,1070.169222758521,-100.586169981607,2865.921643270472,-2874.341376154745,1029.052835119031,4234.007804848232,-3643.970329988771,-3599.565769306471,1226.042279992625,610.144708411895,-701.268351330832,1347.411364789326,-4673.248886724601,-3163.451743486764,107.422713082615,483.624167262809,459.952424820489,2351.170325773496,2833.285058683332,-1610.319903904511,-3806.247482526407,-324.692433964967,2642.231756240644","1983.620312001626,-978.371525596324,-3066.677210282118,-716.791464354616,-1689.700375964609,3214.327262823575,1302.938162947190,4474.539700300089,851.683648308021,-1215.244222472428,806.970219179219,2599.433510223873,-3635.739647793794,-1499.803826974867,3686.141540292796,-542.437317950673,950.927859741758,1194.744196722871,-1982.495998326313,3077.423530258039,-2666.947352672494,266.722397891889,-2640.374534518801,-2235.120207208623,-4388.325531988415,1052.360368010540,-3479.723426029236,1831.653433831335,2014.991456926297,3157.883585065421,558.518156127718,2893.097380397497,56.632821117083,-1655.928282101592,4885.298937480605,3842.503163658865",162.479534882254,403.479433072407,5
4,150091470,Baseline,36,845.651754250988,637051.833160073264,"174.879480328828,752.927890761973,522.522250245194,-714.983053357022,-590.354437810576,-461.341177655542,416.363566375003,1198.009221892929,-206.341521226831,-1484.113414143989,-1216.413596846792,-34.336359022772,1180.377027575616,1965.563144216030,1150.009695913783,-855.979364378001,-1954.138177186115,-1082.837413214183,1134.715624742299,2527.556774643141,2177.498341838314,1708.462595486544,772.991499962147,-106.952828927009,-523.836305661272,-2081.552810942356,-2364.270430431185,-2496.668155815833,-2641.129121527036,-2506.618355320728,-2078.564469611134,-875.847547294095,126.712676166979,503.809282603765,1675.806295798002,2229.270030739518","8.662545064327,-63.135267715311,1165.409554496098,925.891336541691,195.146157336617,-790.781899648488,-1022.582438574873,524.226381118257,1402.395968731620,742.772149678834,-554.692228655466,-1358.138692621200,-354.503243649490,94.920793617911,1442.824327648246,1563.681357765757,-48.810236726040,-1760.479709290926,-1698.754313670753,266.023935373319,1551.794686475583,1575.563893948302,2107.755069545774,2851.442011655673,1902.842191524845,1646.511010255809,1418.278665529568,127.751653224307,-416.875259996585,-1102.519887515611,-1807.199740758742,-2410.298686361460,-2846.070414594826,-2178.669495319082,-1561.796996826299,-1435.264576008857",-349.234018294680,243.513232496054,12
4,150091470,Sequential,36,943.319351498699,2847048.937046431005,"-449.332783071334,-536.415381835248,3539.400848779868,1211.566864114065,1881.164233553892,-2375.327613538082,-2950.118946249407,-3723.662165493050,2553.855992281164,-1154.507436243886,-1181.730087504623,-785.092622405593,2621.548843658902,3536.964727479334,1801.955719947763,-727.025647368392,-4727.977384364995,-1379.685147807045,1086.958263401363,4963.654606227662,-3978.655896797600,3388.994696676845,3053.378510395622,-2519.176814187362,-359.731938639165,464.548194939049,3269.324943844015,-1364.017287521214,-1582.761776642923,-1480.913711914282,-3373.181019509383,-4924.401455565664,2212.310974585665,-1414.035160766869,-713.986724748720,2111.154882889702","895.997453247707,4242.670175327172,1761.377470929683,-2543.622362428096,-1712.743111703698,-488.179998588740,-1016.913677175745,2031.383890782931,3005.899477534750,-2598.907436267286,3892.145689103992,-252.194662260710,245.315567313617,-3323.984625333214,4664.006387575765,2523.353314874759,1626.723655982519,-3570.567336744878,-1034.371380443451,601.774833367856,-328.835343521860,-1999.864470594905,760.335155477394,-4318.998515728017,1717.960595846883,4978.372723549219,-1115.446174243574,3454.172791780601,-649.047348591737,-4775.656455176007,3610.112655981074,-866.181450056954,-896.148165782962,184.398202843312,-4872.345788665866,-67.746740664763",-231.409163105317,-72.427544342320,5
4,150091470,Proposed,36,946.367259217891,1064188.673914491432,"-357.000035016839,2381.148139152125,345.555816546409,2422.096761201506,3780.758001116013,1216.790446488995,2578.005029243975,-2018.176289399104,-3483.958115173511,-3901.862370005669,623.278422650945,4222.087544232710,2200.956920869721,794.390985332762,2492.095085350995,3101.790288645926,-3098.519269465020,-3596.916054707173,-1797.371970479621,-4529.672180667014,2105.100390318549,-1314.516798858217,-2109.571947345111,-2500.214788338757,-216.916008613064,-2865.906494861822,1840.991953842157,1350.301687869988,1162.978898880016,1447.052136791550,4064.205809629086,440.783933453364,96.810378864927,-821.540923816966,-993.302019243528,3509.409341452322","4947.143132821327,-3112.005221758971,410.254387179994,-1495.876745201591,3271.982416975563,-4784.514273286209,-2226.591750883730,-1784.732177599078,3586.368058595860,-2799.965725584358,-1050.267845938470,-2604.220327506860,254.037826690783,2797.649161975421,4334.681313034375,132.399689371627,560.860317188584,-2294.088282593018,2570.472900126929,-2036.808573822102,1783.075018415992,1785.769371410833,12.813147072743,-4330.003003713991,1296.294752811042,-680.665082910701,-1253.129530894264,2697.837680734224,2372.526207149531,-2009.158104460320,-262.333257211600,2477.134766938580,25.166504805209,-3956.288602089699,-4319.485371976585,2132.989498196017",238.087297387295,-98.629936831581,36
5,2047737084,Baseline,36,837.511190388528,734003.589881765074,"109.337526340314,745.006188105109,363.138133262631,-379.352516610533,-442.058111198215,-432.551252407870,221.074135987018,992.757203262102,31.132631404199,-1400.937385882316,-1129.974520472856,-215.901624044009,1046.928583095419,1649.789529191865,737.198253707073,-848.839015495761,-1946.775929302443,-896.415633312112,947.772317158114,2330.990907808759,2380.697703078053,1509.873693718555,917.098297928431,-374.034852658328,-696.783420010848,-1973.520378409955,-2445.638765891820,-2655.834715011688,-2316.423559949269,-2077.447891432732,-1970.870619983687,-770.560528707294,7.537480168273,305.426400219953,1795.004638461784,2052.581078343086","-225.052622487723,-124.910557546096,430.937030364982,628.552996473126,-3.330215347095,-414.374850141781,-843.452401523899,554.783521649891,1227.188726142571,756.710119903168,-988.603053254843,-1433.163609304036,-627.104024780808,-276.954507681502,1666.087845370212,2029.374160747967,65.493533718593,-1972.433846559950,-1450.851893942665,787.023352989093,1198.683816122474,1455.832857436532,2102.216957103130,2664.990430335505,2469.811606561886,1764.733531908263,841.826909830501,450.418133137013,-285.317533111822,-878.560806472739,-1629.141774439432,-2412.030151644811,-2737.587800320279,-2521.513085956421,-1598.779887866625,-1142.392074948525",386.497466604000,-58.317994845794,10
5,2047737084,Sequential,36,944.493493511685,1826940.380029145861,"2491.215576996965,4125.896829998108,1896.623499232376,1365.123500757890,-1452.555836192091,771.277956767751,-104.017263672829,-4971.992933186752,3850.237653512740,-4623.336261114541,-1864.709799041874,2116.282639189797,-2411.052070827251,2283.101695197272,-1950.865038436314,-1042.507268686212,2807.132150892581,1383.517645923906,2405.186474800658,3343.583429129223,4893.089443194431,-2519.731497052111,911.001237317942,-798.253774895855,367.418610615421,4016.447664979720,-2645.736273583067,-321.577346401571,805.075393321340,-2869.307275109666,-4925.436010465430,2030.877562151275,6.291538571871,-4962.691230906128,2863.481086844237,-126.465575887395","304.476533635623,-1010.026055033111,2668.892180423071,1573.800555535542,-1389.615011984201,2477.069161324658,-1115.109240507067,-528.475422646126,-3189.932602967139,-1903.880725429883,-2852.668765864792,-4048.900968106991,-2384.906524739334,3689.047913042903,-4285.129664394175,390.535745976877,1356.431127843995,-1817.959274795177,-3541.351188119580,-3717.586562872809,1028.433615212579,1040.406254212829,124.233699694529,3125.042637774073,707.697564172637,2347.782163484804,3606.594069342029,-1559.787984726225,-3773.809909622022,3201.829840622184,-860.279086582016,-2339.239961530727,-3355.302217815129,609.668554779908,-3138.463662622464,4809.663712801450",16.667059753250,-509.266413251686,6
5,2047737084,Proposed,36,938.944218618683,1066611.944065061398,"-3489.346857544721,3877.085684567146,2149.172011791622,-1989.831306874235,-177.824587555643,2421.269033859343,-677.674691993781,-1371.319025545283,1899.305796890825,-4180.610235864843,526.126366702007,2951.286018672422,-373.029242955028,-1658.167304049238,2789.933213032494,-260.907090399847,-2962.675487649305,-2905.340952834319,-2616.202631598587,-967.912338469598,-3638.534446657732,-1831.547171781394,-2191.524500445354,3131.517996320347,1917.075232252983,1239.956780897152,-3183.683126086278,4999.075328359853,-4004.086924502366,405.743591686952,-2660.720045710296,482.425737539545,2595.593854071862,2955.877386901253,271.685224507116,799.461694515775","2588.302827840980,-2170.968095101734,3759.990257601175,-4583.428778575223,1288.818060651289,-3774.473146880395,-3780.106096876267,4564.965023389736,-1009.035988259907,-352.826914438428,-2406.390540787420,1938.828250070590,-1013.716188090274,793.637393715426,3891.376461053401,4993.188108831780,-1221.520509510949,1051.614735621327,-2680.966166464972,1448.505365530678,1220.016527130596,180.829504856786,2210.305110680802,1278.157357730865,2631.947441270674,-3280.734773966148,-309.488922958420,96.155402260229,-1127.751699248249,644.202318691940,-4021.507389837476,-1315.825246932280,2450.617430456807,-1276.414392850249,-3464.852659050601,-789.120921380068",-159.120750443032,-42.990857050666,36
6,555175080,Baseline,36,840.835707132026,856028.018724202877,"193.461676836433,693.232136149910,457.101447282972,-245.211292768779,-1082.679116226606,-579.704606838889,160.850173872161,1299.560701164497,-275.280763742931,-1283.134801674433,-751.851649962734,158.026943921972,1019.968899585598,1878.405391954656,1684.992867385704,-1317.031411145553,-2159.155982620213,-631.506961580559,1024.290299984626,2322.949284345713,2498.369741478873,1706.697079180570,495.239830298435,74.676610026387,-734.491249300139,-1655.932476346162,-2396.850060870027,-3051.087546656984,-2793.873150324276,-2274.103468319501,-2423.845694631732,-1242.893498080782,-21.244023634465,827.899019027925,1913.531387241899,2169.686481758675","-303.157195936800,16.621660873887,764.246353038176,809.939572434924,48.317415314543,-538.742288011797,-870.415579641148,730.846645014827,1587.257142526515,994.275149144117,-755.994111674820,-1239.592857940140,-796.711039446974,261.213584873296,1480.902910846138,2036.147428625479,-567.098397523848,-1825.701393652813,-1485.849289285521,501.772987688278,1496.264722408415,2110.857469529482,2741.600926266694,2413.248225033362,2454.460870903857,1620.473303738311,1403.481803101612,256.433798755871,-230.447067073360,-1105.547763488250,-2139.814370384553,-2907.952263189352,-2575.708187954346,-2205.525027042177,-2046.292388198488,-1602.764998654171",309.776129377428,573.483251603097,8
6,555175080,Sequential,36,953.119895241824,1577510.157172782114,"-2227.670652130644,1171.251533042203,-3248.062534050548,1749.300148220856,4.855293022865,2758.992122008810,-490.987144372426,-345.332034792659,4514.369498119719,1905.060175978419,1876.916319282860,2809.764609784797,-4166.248186108223,1948.809370851899,765.711390509954,-3488.634070099525,-1426.300029864582,3621.635256034864,-3113.716367244930,-1596.045677566101,-2157.828362746653,2706.241572569720,-1131.765729493765,-504.771636402632,-843.625929521320,872.674877249570,2133.385327406482,-1687.053196606661,3372.901044025645,-4793.679805754752,-2269.260752861433,3517.604241111837,4846.462208221027,-3086.622645104836,-2435.078155846448,786.951206988640","1065.463921414290,869.618125145393,3684.890214288568,2685.947593678242,3857.774326303056,-794.633754568531,2791.614325800126,-888.604450966680,1948.605858440278,3487.673248203428,-1428.782041596406,2882.064056605136,-2743.338142476905,-3432.618111801451,-1602.151695730985,-3171.841217270720,-2134.713090015545,-211.855365271925,1515.026826970562,1076.694851182943,3346.082820612670,4204.314040470261,228.789457405299,-3833.655419766535,-4899.772265493557,2450.211908537002,-2500.693038141632,-589.294003430162,-1729.039624012065,-275.224882545918,4264.484446634085,1453.105623591797,-769.861571170070,-1689.969859162366,-1072.029076706345,3760.704917179646",-65.678261486965,95.640384864833,8
6,555175080,Proposed,36,939.826150673912,1030064.879916058155,"-2587.012819986947,2746.332843501913,-3762.039423661966,-699.553570220499,393.440506680220,-1143.290318126980,3384.141000751809,-1130.913475651493,-1459.083323480927,2035.126167713475,1436.047787911173,-146.167322585851,2829.719928028629,1279.349567431918,545.128938550973,-2086.456770560371,-1103.118458884460,4363.940177615483,2293.122964689432,-1348.571322781217,-4479.276207129348,183.182340508510,1538.778811241281,-2669.941870541096,29.837566156056,2922.237207145634,-940.848102649038,4717.350118868960,-3666.541854023279,-2179.498334552763,-3604.005314989135,-2992.475997916206,2550.530217451983,-2513.401331603620,198.889758255662,-1279.287609213839","2591.420977559740,-3219.412811278899,3293.487418347478,-2425.347385438730,4370.555937713534,-4830.198526053681,281.060386834134,3497.558820888220,-725.687684773137,3344.451757960715,3072.332336368394,750.215852819868,-1861.259918873046,-1084.284407621646,1922.111232690395,1187.940859729389,-343.195618564192,273.402700921657,464.899770520003,-1232.289700908621,-1100.577847566194,-2945.444100268739,334.869374622836,-2141.565296368579,2536.522481227043,4055.883854936672,1327.051831361764,1657.289309688269,-3399.480965190942,-2737.807569581539,2756.973349883543,397.419160239767,-322.121927327022,-3294.663347674782,-2439.930012969520,2298.747606551489",-176.231320168220,175.303552789046,36
7,896397869,Baseline,36,856.938992400230,1596000.564811374526,"-489.367941666220,739.224860471566,272.821075813618,-226.067906805401,-724.528396486970,-878.825241953739,237.265729908603,1364.840441138486,-308.264691803958,-1374.178115709898,-1134.249804044328,-132.301667075104,1110.836006948979,1819.195237725870,472.515055732086,-848.829582504703,-2213.513767592753,-1178.747918694782,983.506511909899,2794.076668462148,2541.110341598605,1608.963881009016,837.169645590035,-97.644427206880,-579.607809989720,-2495.561119457004,-2568.327901504980,-2042.312635856694,-2805.390548455344,-3097.791814243723,-1882.171192489749,-598.105343760779,166.132137078255,537.379469944552,1949.293545243992,2726.292510048524","-51.689702498920,-72.544929277618,535.123531432543,983.417082308363,-427.003965346676,-1148.347892696528,-394.805252458827,766.210053862883,1301.140915467681,395.710762706783,-1089.918629415794,-1449.514676140917,-637.177137538430,553.037533044916,1454.245441472454,2052.006512858097,-177.514624135283,-1523.202539205636,-2000.800126001179,254.856403922780,1369.868054066996,1755.590420047402,2536.017787866833,2704.473496736382,2170.261644198166,2130.170834473009,1142.931162618916,582.732700776094,-666.327678604794,-1055.626958457141,-1810.129517079172,-2229.700083852234,-2505.713725409644,-2769.710117186452,-1839.310656603097,-994.727409243968",-262.717950986612,-200.308375252359,5
7,896397869,Sequential,36,947.918354791607,1775495.866993910400,"-3328.055152172738,-579.437072295629,-4701.967863650384,1149.562625164420,3089.357260490322,2220.916722598378,-3797.671600167295,736.089752196061,-2658.888805991790,3478.545922092444,-1972.093573719298,-1272.583604137831,-2485.572052426767,3786.325933458447,1608.801715286971,-2645.764324360587,-3922.974830507928,2825.233247073945,3034.388369054116,-1377.661530810205,963.082521961134,2832.613886843805,-2996.248028008978,-86.689006286336,819.660137782928,-319.718116152124,-1712.760600972461,-3911.474782888097,-3702.672663997115,-2134.093294477932,1631.314143603311,-1931.578973669903,1432.812440681229,1445.123087841860,803.782735881425,2601.024064555055","1187.255975536913,-2871.819830280412,-1700.440592669748,1916.165769943421,-3931.395644940323,-310.223939745322,3031.444686484860,2476.868092414063,-4234.419714361290,3591.617778647114,-2038.665134948739,-2645.884835056460,2335.361467581772,77.142942360847,4734.105727683920,3043.696672216266,326.714273599836,1348.761719993472,-1281.890931958836,-961.921146711485,-4132.038706985556,646.591532995306,-2794.807512183632,-997.916818315130,-4932.358184330257,1645.499175424995,3808.833104523985,763.224421234147,-1461.688153807039,590.807732251915,-3690.321480079635,926.635982964990,193.191633939825,-1444.295650567507,-596.031471274445,306.076734166431",-57.964122573131,-95.338907913745,7
7,896397869,Proposed,36,937.874100666182,1020791.853087458527,"2073.346668308042,4998.638727337180,-728.703711204839,1846.033049433707,-1379.724401885014,1054.224438829277,1328.325321835927,1397.388400653105,-1586.410068166557,-1484.618890414027,-1397.857035767479,-1096.226994915282,1723.193811601442,589.328994586358,1427.768826458719,-2659.066775820270,-2078.079971160155,-2648.141665162816,765.897384031222,3877.485618972220,3531.676953858796,1806.696812809059,2599.183499951686,410.867567347611,-1417.339546660893,-2931.519717760779,-3690.243110013032,-4333.704206351425,-4417.294678269622,-885.816980609324,-2377.204873311602,3128.970776374348,-518.254645646656,1201.060251052165,109.643242452603,3536.027755529563","-298.632727638160,116.665648607193,4179.865816242445,1876.821537934217,-2141.177879228459,467.905061708365,-1032.545492504435,3908.639113813670,3650.717290924501,256.274161020994,1105.955620289407,671.276410956968,-2490.930748558364,1857.650366364053,4791.813454026846,1622.427185534973,-2257.532365759212,-1339.015315528989,-2537.568626749610,-854.318575211111,1334.915190965407,2892.075017871714,1391.442239155242,4970.783222737065,2436.664672153307,-180.975520192083,1699.486414078229,-895.305834102166,-1657.992742976483,-558.843582946799,-2653.458295947414,-3420.762611871480,-1694.025116365810,-3328.391651767477,-2630.758279341528,-2905.887927860886",49.320856341757,176.479309162059,36
8,1970785633,Baseline,36,831.204861764119,698654.611370709492,"214.318946660673,890.685060831322,811.350895021272,-492.601522392292,-773.869468996007,-158.251152816084,231.400390624868,1023.268853487595,98.122963339335,-1048.737971289783,-1176.362960808575,69.143372205220,1184.270337469583,1821.546466400746,1108.467923485397,-1199.489575444100,-1731.408852513137,-1375.021927481245,663.174953308056,2426.182477237268,2328.507511789370,2015.667295578971,875.718766921293,-223.302737515454,-738.391809360995,-1954.597874927711,-2179.090065088925,-2538.269549365521,-2765.048832946491,-2335.261306386661,-1926.792395887411,-1023.509158223969,-135.526586825001,837.717448097203,1615.290781953624,2175.900194973968","53.282162327042,-90.003268520746,515.070210195353,403.990524250178,-20.335278116775,-952.946045278562,-397.530979048980,144.893069901076,1166.755413299747,877.109937529502,-829.994800578301,-1176.993553371490,-679.676749039769,322.323950625107,1665.349929532919,1746.068700173328,161.451966248742,-1553.634711601263,-1785.392489544262,541.556834561502,1152.988599159478,1787.743214819483,2569.546010349389,2520.987192562902,2216.965402714896,1539.881751705113,819.633654669623,238.383304555971,-535.073365056879,-1066.119602460670,-1490.478642167485,-1921.394723790407,-2564.998343969079,-2680.114541748555,-1679.642927694800,-1573.564665720842",79.954726793385,-91.958137274764,10
8,1970785633,Sequential,36,944.489147875427,1207782.300298228161,"-2368.453153308568,93.830225001962,-1625.990517939965,-4240.548641378482,-182.679189355359,758.038333597340,4623.521087941477,2097.166089409280,-847.940476122714,-61.245085652458,2642.678814518222,222.690659120128,477.839258375019,4507.160242820336,-3898.804408325325,-2890.424787295913,3354.295558709606,-2089.376887086684,1738.763334778222,3050.912103249530,2400.678419154848,332.774788655783,-2045.455109083480,293.083826465078,1721.254943753711,-1321.438741153619,2228.989408882381,-3515.578523960001,-2086.682408978023,-4746.778228054901,-3161.459216054788,-1508.998596532426,-179.728699925492,-4799.562922684127,1902.511974573078,2096.072870461566","-4403.456558271320,-3225.835474148594,-141.942830440631,-405.366825849056,3628.817169219880,513.532407353153,1391.970719442307,3132.556102368676,-1221.633642099501,-4999.624889877582,-791.272844718913,-2673.120084413313,3557.793631739675,-1434.788323958414,1259.968957883675,79.751970314817,-3707.924123390473,-2184.412316092334,-3617.171927484620,1883.102561423322,-1960.554808755427,80.263540295876,3369.066643054572,2845.569321370186,2097.956236763770,735.694890893344,26.010139902124,-1001.548313697652,-2780.961077563494,-1324.324765534745,3501.006792604650,-3219.160803967105,1581.710591984679,1401.497681480708,-1694.174941970516,-262.811793121023",-152.987593131221,-500.338908857745,9
8,1970785633,Proposed,36,938.598719926391,1544860.653794282814,"-2452.056710801365,14.798244188367,-1668.135401531133,-4140.088868224976,-180.063136638578,802.992090276641,4455.132059628323,1972.707808527884,-983.507337637899,-157.041175261336,2626.401903149505,172.743575994110,343.406870461811,4352.167591714163,-3822.091201316852,-2814.064530812845,3241.865793117524,-2153.411243289986,1764.599516119817,2970.301660307055,2313.821409162233,416.802078808963,-1902.807810354900,412.809541629015,1629.065296841396,-1266.676718190293,2286.768712611839,-3538.217946717212,-2194.127522963343,-4755.391591689479,-3206.148911391763,-1370.280751032099,-259.164504196311,-4733.556807079668,1954.467866162664,2058.473687269008","-4275.236617472594,-3377.044327736525,-271.975803138030,-510.485147424853,3623.939088009789,499.368225754406,1390.576824449103,3056.228139376135,-1166.474547474854,-4845.116267612411,-581.034128235465,-2687.468784493749,3649.343656138084,-1399.220573446930,1335.686080604260,-15.884552867833,-3750.392807560576,-2281.741999925240,-3663.942479511239,1895.064200869078,-2019.518189473608,232.748307306216,3434.333691649053,2835.069838488490,2265.834702702054,685.187275883387,94.832583553136,-925.040264640054,-2707.431547478988,-1180.392184912233,3243.240455769198,-3335.930676205019,1567.029436555353,1447.893731979380,-1781.968845202241,-364.030027647831",-280.353517148894,-624.972057080499,8
9,1539044810,Baseline,36,830.242487863500,861855.710184330354,"503.287231932392,864.434116114569,268.174383786614,-228.504496658622,-656.030419227153,-474.207914160473,415.825258896955,808.935955922228,-204.735019483565,-1421.055501061456,-1017.035645498754,311.191519538020,1178.750153987798,2260.378013853212,801.581179168745,-798.798638148658,-2146.393855088872,-1161.135617975225,1038.772590661392,2850.578855016695,2045.785906653359,1746.521660988150,503.588548264238,-373.414104339909,-970.135166205025,-1836.324123103128,-2196.234715199563,-2284.062895629691,-2482.326575234234,-2356.806632010060,-1844.799041068414,-808.612629394411,-393.276270130862,508.435613707540,1585.164327675472,2082.502815061527","-215.184401869710,-126.144137865240,509.799799717556,590.546496384380,279.778577613332,-404.617181434564,-681.664893710122,763.134561927463,1373.028678256872,792.102475088883,-416.436187836923,-1405.910051042420,-355.955513936062,-503.326123367080,1720.003272486110,1911.600933471793,18.429076794014,-1379.613641465412,-1669.922651358094,487.704783468057,1028.155091006245,1765.905911576115,2400.895765159371,2841.165188465702,2630.980909625788,1515.087951742535,1045.615001578054,725.034906998408,89.462426665191,-1043.537186425436,-1572.119549978577,-2940.610455266469,-2813.518604644988,-2528.547147205771,-1855.775462233825,-991.436926600074",-269.921449915613,-264.495210650534,8
9,1539044810,Sequential,36,944.077355725376,2554409.863548167981,"-3717.299460260463,-3134.220180345946,-591.604094373349,-4189.260631853309,-4867.293700491943,-3124.645054583839,2641.934022058067,2245.491431242732,2549.131831234028,-420.103043893880,516.878051679198,-1539.852552229694,798.086881194117,2955.647355414577,2630.794822119835,1192.777166920003,-2984.391147661163,-250.420265286938,-804.806031139430,4667.174030675754,1507.571717972674,180.786645164584,309.939518555563,-3382.553413378553,3558.034674442984,-1578.004403802812,116.557524845844,-1440.733655926279,-2628.326805631807,328.156764616451,226.232642243078,1478.973346041475,-1817.184704623912,-804.115228516373,-4575.433373725728,1624.620758597724","1776.139923343921,1100.283133573026,1966.779246494030,371.726820683662,-1144.312908758547,2306.034123308137,-3565.943493789053,1571.632280275813,628.672852651789,3151.493822825521,-2839.698479531204,-986.624410202104,4487.893266253514,-2203.274683498620,3248.473848015923,2116.080187732223,-2497.599214050764,-3079.132792537532,-243.480370183553,-1793.735367155880,4088.704014016134,4905.274199452243,3436.491090187318,1308.463313127462,1595.524451818022,4632.216143198586,-924.181384922188,-4318.731566157865,4253.457205944042,629.043512215975,-1529.545110365566,27.908188438366,-3221.524873075495,-3823.243729368947,-2016.286051778565,-1167.006398395037",-378.439456530102,-127.563397362414,5
9,1539044810,Proposed,36,941.069110183505,1014574.439157325774,"-121.431288435949,925.525615983930,-2257.023791493379,-938.875101892068,-133.355098340189,-3674.974662340805,3261.477531181425,1592.302429101070,-2230.675949845597,1349.894594232575,3585.497464700306,2653.934631668745,-1042.592378298831,-1014.599775895632,3364.031410287829,926.727805058907,-2618.866473332866,-1248.130027989059,-1471.872812089795,-4016.276972056587,-526.582042825506,-4445.844695816330,-2748.346609649263,-2097.476679310389,-1901.143948175167,2839.341523617867,-2284.435625029974,-3114.831798909023,-1641.847881266407,-3627.221166264219,779.319641713514,2967.972711735355,3832.835441474680,1079.260453670457,-3539.411532686562,-4886.658704521812","-720.739273955995,-1913.342127247255,718.634333542081,476.889887416054,2897.202782921824,-1795.690398202466,-3537.738806680988,3871.382300994002,113.423595743027,1018.918567748234,-1986.888199399366,-630.130282114618,4212.607088109014,1457.832330247677,641.491216992081,-4239.103017693499,1041.435212954025,3401.126200195549,-1950.156390504354,-415.902512129553,2162.944135667629,1098.328431393955,-2487.003401529520,2687.120478353682,-3725.531127923238,3076.145601425062,-2910.666587922379,-3911.243135437272,-1604.867715930488,441.925996552514,-1189.601273664757,-2354.107772511418,88.779162099437,-415.229481186972,921.710676471102,-1058.568233757846",-622.898715612187,-181.072548304584,36
10,160051284,Baseline,36,861.767919691403,1584685.533249089960,"164.226343422466,1120.516632601751,707.635736733533,-281.726866038584,-375.933138329131,-138.459573562585,399.723661369357,979.491924183454,218.427112546630,-2016.931040241472,-1170.008852202598,442.351700575229,1692.446324500220,2229.868705503174,1490.200834761539,-723.360957339496,-2357.843445738988,-620.614969334384,1172.799561446754,2550.152463875798,1881.638694950270,1638.839420470821,832.060030491994,-47.209881970519,-514.623129147432,-1902.494944464529,-2431.959678192241,-2611.603194679393,-2377.180710685948,-2665.280729819479,-2700.359043018151,-891.091809182716,174.081360356151,642.147719663399,1840.477846507584,2428.256072661478","91.454207512104,-11.063378061320,201.265540001944,930.941764874764,-280.500527314328,-711.592639563909,-935.958735989277,524.836009151686,1402.177885573078,615.124353439659,-801.969319908687,-1396.826161437724,-477.196013754025,-200.562612475671,1668.662031251770,1506.046301415625,784.598330709476,-1661.766779259378,-1506.725783591784,1009.477237395361,994.047912864443,2302.046735779325,2780.450789918032,2510.203162508356,2001.008020241900,1360.900900339344,1157.828169744843,113.050710015824,-649.463904791539,-1221.209382981892,-1940.462605642178,-2097.543302167745,-2690.657888114772,-2924.202884567515,-2219.939039794984,-1311.151772398615",670.252799145103,8.228837378752,5
10,160051284,Sequential,36,946.917404547906,1255641.176144872094,"-2121.786211178870,1358.841642333967,-1344.123764300075,-156.308834555981,-1924.276880126043,2413.770603960921,4875.380733288467,4455.793560954236,-1036.236605609725,-2011.712693427808,-1192.445636969039,-332.894183965626,2517.893830811523,3781.378353852667,-980.721656105118,-4447.056300975797,-2158.854365260324,-2405.531945990016,734.311224371320,3993.510380247450,2483.534986201334,2070.857593045371,2859.299921100484,1058.212898869114,-477.679390310754,-2396.490544139279,-3239.907021996282,-1826.927870237797,-4192.133127076982,-3409.300419770133,-3382.952639326529,-1745.281201913128,1793.040320533975,589.168536402349,2716.603838866911,1724.096576373788","158.553437707016,-151.311224866519,-1357.813087843132,1345.975377957044,2000.908051691380,1110.438466320316,-1109.352381112335,2268.458450613271,3691.550139298583,3360.060096370694,1509.927144011852,-3064.863139527125,-2717.117122329299,346.713345096229,1821.090110050389,1753.818679564292,-2995.363053253169,-1726.848644316800,-4945.784773497760,1619.985477359176,614.196346972975,3777.186770870698,3082.531174936417,4487.900270129860,1276.448726437089,2125.921038764531,995.223322359536,-2160.581325859020,-493.585941839695,-1944.420527661263,-3681.797311106856,-3493.927695931270,-3635.617291799502,-4249.920462455909,-3429.496487193850,-1604.730195587916",-220.568078899661,216.735631232212,10
10,160051284,Proposed,36,949.700827129849,1112385.011403784156,"-2121.786211178870,1358.841642333967,-1344.123764300075,-156.308834555981,-1924.276880126043,2413.770603960921,4875.380733288467,4455.793560954236,-1036.236605609725,-2011.712693427808,-1192.445636969039,-332.894183965626,2517.893830811523,3781.378353852667,-980.721656105118,-4447.056300975797,-2158.854365260324,-2405.531945990016,734.311224371320,3993.510380247450,2483.534986201334,2070.857593045371,2859.299921100484,1058.212898869114,-477.679390310754,-2396.490544139279,-3239.907021996282,-1826.927870237797,-4192.133127076982,-3409.300419770133,-3382.952639326529,-1745.281201913128,1793.040320533975,589.168536402349,2716.603838866911,1724.096576373788","158.553437707016,-151.311224866519,-1357.813087843132,1345.975377957044,2000.908051691380,1110.438466320316,-1109.352381112335,2268.458450613271,3691.550139298583,3360.060096370694,1509.927144011852,-3064.863139527125,-2717.117122329299,346.713345096229,1821.090110050389,1753.818679564292,-2995.363053253169,-1726.848644316800,-4945.784773497760,1619.985477359176,614.196346972975,3777.186770870698,3082.531174936417,4487.900270129860,1276.448726437089,2125.921038764531,995.223322359536,-2160.581325859020,-493.585941839695,-1944.420527661263,-3681.797311106856,-3493.927695931270,-3635.617291799502,-4249.920462455909,-3429.496487193850,-1604.730195587916",-37.692397000595,-150.434562213058,36
11,1145456559,Baseline,36,835.093406114012,750840.491088694078,"21.988562716701,664.268338711867,719.017120091544,-695.010970287954,-1029.543354101640,-402.381432271311,48.468812590039,868.888767542447,218.338866828322,-1204.093068169049,-1012.766442447511,-356.822055518761,1524.823846074858,2299.881859944221,1175.252224671425,-1026.625124522713,-2007.307491931037,-727.998871578793,1071.551382079003,2424.875032933410,1779.312386737496,2016.430274896793,576.911915311881,-408.045624590941,-463.645899098985,-1829.235995255856,-2146.634588049883,-2491.285438368798,-2746.343595071531,-2018.381150702189,-2068.710094731300,-835.820979105254,-272.460355738990,619.791824383307,1907.550082286635,1974.558161602998","450.203475469301,-19.661131433441,1010.335504955716,709.989922690156,215.899153259870,-929.816490319566,-414.317467212327,582.835048655329,1751.714910587025,793.819385322176,-739.339404088233,-1574.721706498913,-733.662329586137,-73.220371503553,1626.287974906186,1828.569905530822,228.882982968234,-1088.104540654458,-1274.051552307975,845.957446696344,1328.842558829923,2013.418223335465,2425.307248605649,2695.360483646205,2342.730862039989,1417.518751677024,856.137312809992,634.619613045711,-382.025006780324,-881.786534747285,-1309.382922711548,-2510.814716863894,-2238.624392661495,-2269.630098365505,-1898.844838983706,-1461.142893753906",-572.730578995248,241.367321354403,10
11,1145456559,Sequential,36,947.096749888449,1757173.252298496198,"-1942.797141733193,2787.834605777523,-2357.627249401006,157.607955806423,-1894.736873617488,-3670.765684865676,-904.336799707344,-115.012004175199,-1125.437787713864,-4519.080867454850,4303.679172317579,-2011.882100045988,-2473.558506202796,4087.529485276021,2345.643533900631,-2525.088249537187,-1537.661479771588,-1921.869132429375,-2615.698604281532,567.959507005242,-4998.351801319947,2307.247927026086,960.439678382142,-4835.841550835479,-1833.601900645720,2921.972817707697,4849.159748018025,4905.113046120781,4710.655358193016,-2.337354056520,657.948573091185,3140.507948139570,-2249.651770657336,-1049.263481491058,-2901.327373641214,-538.426740761196","3900.608327757632,3480.323045297842,-4409.262268552626,1214.454845473063,1675.872870772109,-721.740871279982,819.541408651063,-3175.336884575029,4392.420335755784,-2139.604662876654,1323.304434000877,936.199227354376,-407.216361154408,274.961896714767,-159.413161142165,-3584.808526137781,3015.191327350952,169.641166997351,-1735.146241593511,-1431.672640742700,-128.371609951874,-1421.619429636014,2054.457232639035,1270.683475619757,-963.927416696293,-521.259339372793,1218.872322354463,-969.466866259859,-1676.223760816983,-4142.718688691868,1115.709227602024,-2025.138206011527,2839.946200811790,3311.984944158007,-2562.125807917873,-2228.755311489564",-181.015495145215,-406.713622219465,7
11,1145456559,Proposed,36,947.529698426409,1083938.894186075777,"529.862609101014,3637.528064070027,-4999.671490481476,-2346.381272576308,1263.059468049740,-3998.105911404816,-2465.070317099862,2276.983718591497,695.301819456692,-1639.821175912419,-1771.901504880737,33.879321698789,-701.644836820991,2116.560552597464,990.653786294935,-1747.907523959374,1603.537729349242,-759.185388960686,2337.621754997335,3887.719216746942,4257.443354432716,1367.992497417264,554.908970630171,-619.091000105683,-1414.982029323948,-2285.113593293080,-3884.741483067077,-2521.629995906361,-4380.359228674238,-3625.590605925883,-2655.706455332709,-1112.071196508269,-198.312984279142,866.912573166064,4310.114494093991,3502.668069659403","579.669818766478,-399.351937409440,57.314808441911,3560.563029305375,1500.552249575571,-2731.121425822773,-1615.742801211983,-900.191137855666,2535.702098034528,1133.858297872326,2141.725179785673,-1248.337054707722,370.958596683819,-611.747009168059,1319.871055048018,2992.204063698659,-3346.214134058843,-2972.011367091741,-3837.899313772247,1967.498763209778,734.622632834438,4566.061825754470,4325.900096510621,4029.649719558243,3780.736377014768,4444.973288034394,2087.759180248673,917.061059961755,284.330448252367,-836.378949293034,-2497.979206068362,-3131.500650493983,-4399.722885518810,-759.276049084133,-2504.168315578881,-1648.017303243870",-247.070555393327,274.759806894787,36
12,1487407493,Baseline,36,824.590548472614,687299.695867851027,"43.886104585793,471.298206794827,569.082626992898,-791.074327187325,-362.077577122904,-663.842042244815,-12.253603005397,1467.967635616463,119.151849326598,-1324.576545186595,-1303.095174663127,152.819948552567,1046.378258887422,1807.410672312369,444.821477016330,-806.133737812974,-1944.875371318301,-986.520755408699,1016.509353788884,2135.426851755221,2190.907269703594,2006.643416577427,0.328934686044,-107.552905553467,-641.708901991133,-2150.964158463250,-2426.800799070127,-2353.907278989377,-2433.656815222978,-2460.198986252293,-2029.196939775000,-886.420479572591,-337.060774139450,283.367616200114,1613.227544102042,2206.864273954246","-31.523041624531,-246.001157127204,726.123244747292,739.410642707577,254.596687168868,-856.540269057076,-820.286775340396,510.840136881504,1407.631572754874,670.084100337210,-443.572501825213,-1129.653375301997,-663.557798817090,-46.179346404387,1991.778243635788,1740.680458543153,62.530878422337,-1402.560631530814,-1327.660398431677,540.722488778190,1074.954365156025,2130.170887721135,2797.043981999799,2277.615252193526,2112.960090461544,1412.125266610566,1092.233260327973,192.589493218751,-388.546815986207,-877.090336433289,-1643.516279728561,-2262.271676014432,-2153.374836693551,-2478.885285585848,-1778.212003462196,-1525.847225377439",-569.433329612784,158.796871897086,9
12,1487407493,Sequential,36,943.431216054681,2199458.101223279722,"-1258.980108927384,3835.319260626969,-776.878667979366,-287.025232360133,1998.646105986330,3065.143682784548,143.059263017650,-825.288199916885,2362.904834302206,-4158.612635118879,-750.690313456232,-690.845750321773,2143.695199341139,2321.554334153729,48.293984403978,-4568.616545330182,-2397.066958800579,-50.592401000317,-1398.433454001381,3876.965356785923,3738.912498963298,1920.523563827247,-1275.101696387746,3373.332725823023,-2690.550373525200,-3446.675204592363,-4113.837793088036,-3086.597661906852,-1334.465477191618,569.145754036921,-2092.774890512296,-84.408673455090,1405.220502792939,-1466.872346699195,1316.561898372426,912.890038773964","1780.943877934116,-2598.641810069634,3169.628975202389,129.915733335198,4583.166344681990,-2063.092637583596,-1961.745146202112,595.936231520882,1621.519340136627,-2775.957663767518,-3379.124329913775,3719.531104846207,1050.729579653455,-3582.616491962057,2264.631344401218,-746.253641371661,3374.261771111412,-4999.744034344260,-2824.846756006183,-3020.733516316049,795.506346257870,1900.616398599704,-4163.406230469121,3690.613271651666,1398.982353886646,801.578312099466,1726.489185061253,-1397.100146299222,4173.933049953221,2756.509971095971,1884.412096662303,-3752.981989304103,-4490.973299609912,-4779.988024931568,491.670725634767,-4711.836040227844",-63.596561199570,50.256672225610,7
12,1487407493,Proposed,36,942.220785700863,1082808.791393518914,"2832.131672013478,-571.980268927070,4986.150281787049,2905.728133518213,-3713.844939999006,-1399.108960247649,-4998.198151499931,-3159.890910383998,116.666042137663,1147.397963800086,986.599399237547,3199.916139462949,1830.389233099725,-3151.154008145804,1909.558657423842,4874.005360031402,-3036.098086622972,-3827.289654966580,4456.250854473717,1687.525504805522,1521.836740184071,-4009.830022376566,-2113.143521041792,-1883.356301499986,-334.093800276023,3884.289514450132,-401.050189397811,1824.136814077589,-172.669247425269,-2779.361379375040,-25.436823838711,-1547.392937808735,338.831471892344,1486.039603437241,1642.571641909399,2557.202323894554","4069.097048719307,4431.369241541541,371.894296050557,2764.533977658397,-2380.959851390447,-406.602290224272,134.220856585984,1659.591871269033,1331.226321015145,-76.175810383353,-1660.667470433357,-1461.391435461457,4652.921152926686,3869.886140961379,780.593259883297,-1115.379644060783,239.712541299364,-1045.588969703008,1827.739301889227,47.834305514615,-4762.773659982797,-1366.836493049222,606.783636127694,4028.938715194712,-560.380885041933,-1004.986715984574,369.678397954024,-3520.662761472827,-1111.521818246628,1530.366707208875,2784.395294054289,-4144.813776576771,3743.611897928714,-1140.865458033473,-2576.136963981709,-3177.366567644685",196.203559661211,214.757899780876,36
13,1892842565,Baseline,36,832.106135266378,709027.862823293428,"-131.672533310694,852.119871688882,200.304306698061,-187.325034842929,-626.341392622791,-438.520498197254,276.393393811008,949.150939655851,-276.647048892466,-1163.936086206781,-1293.556376676554,-32.126852824395,1161.499069039301,1975.267075081869,894.102705087322,-761.170353541022,-2148.328620641651,-467.791626016686,1115.672052818474,2577.444789307073,2155.087255613616,1744.067814021511,622.748030292855,-165.428877997401,-1163.750230991498,-2278.411080235208,-2478.716748573241,-2543.535082635448,-2720.698226650427,-2170.112849125413,-2066.621442831353,-858.510954546075,-154.313008707679,610.118283697048,1629.258466998875,2246.761882544111","83.377834535002,-139.371190368348,823.061982188727,901.698611074490,-16.799366790011,-765.491532194376,-409.417554827866,668.962820055220,1479.516987664285,903.228116101055,-794.607279930621,-1645.993812058954,-552.222494314815,76.561232365864,1917.962623863657,1700.348586442350,-145.082589311956,-1509.228998099101,-1478.384572085921,1076.196007799323,1132.149005420997,2067.554910893452,2153.323926315435,2554.721364226125,2315.043847063740,1304.138980501591,820.055058873655,337.220492015101,-446.375396748754,-978.090287010538,-1661.582106590479,-2703.117423435774,-2500.505843531500,-2307.191068085489,-1875.024683882035,-1491.151832822728",-9.040948236580,271.987953577671,9
13,1892842565,Sequential,36,947.310238885942,2895161.092877662275,"2926.007190957524,531.745167998033,2672.859853859285,-2113.362852380062,-2484.919524926689,-2191.815152717160,1981.077646771982,-3231.151775690473,-4681.467505434563,-659.330554609378,4049.778424747630,-1634.862709531449,-1788.459780690564,-3588.025298612770,-4998.069553685182,-2429.498580791872,1354.540997974650,3935.392120477706,630.396169839963,-3227.035965050418,-3516.619328082667,-3936.731716548347,-4842.915625569853,-1485.653086197995,-626.743107157306,-336.103813363027,-2410.117113912216,-1093.785209265224,2347.229677270839,1716.160276703708,229.917354206883,-543.004210203169,2803.216277695829,-32.395204260396,-2044.000721855142,-4416.452755317190","2861.964622194858,-2302.196755471998,4225.614772033452,-464.743751765790,-4338.798791674732,1788.811362444629,-221.187431483684,-2896.674597538989,1674.754892557400,1567.336840166882,308.819294858639,4725.169194958366,4339.769114973857,-3482.251348842403,138.927090681430,-1470.124810479318,-3427.144023779381,-3084.264719196779,-2749.810971844765,-2223.343384617173,1276.860936251424,2158.463674294714,-1243.450137163273,575.670428629614,-4051.543276013705,3236.722668661449,-914.042851540143,-2245.060082441530,130.494180666022,-2922.798479494932,921.900201453821,704.215761558134,-4013.207723845246,-4999.895053972726,3528.382313031170,-2344.129915352645",-1500.295850322038,-610.810078871128,5
13,1892842565,Proposed,36,940.733466890751,1089812.618774594739,"4335.437704462920,-870.342224325472,-3886.737341610832,2176.726336146498,-202.624862920203,925.686977371284,-3321.045493442080,412.147279714231,1711.005409049735,2424.558596308902,-2666.736290037252,3219.212523014611,340.583642999552,576.223200150843,-3787.577655059127,-1952.773980768693,2521.533269049189,4898.898608004258,-89.384876722888,-482.507365950563,-4999.577476106661,-3686.920906017590,-420.312775745556,1587.183595970269,2338.236578488776,-889.427512744239,-2939.634873981359,-2487.700816417708,-1239.956873655805,-106.063996974280,3186.864630075737,1756.300703502649,562.865403516909,1874.228483997669,2880.328687054300,-4490.164433984164","1646.918129915033,2362.563633748387,-2980.333813150191,2478.821431163032,-4267.015975651479,-2089.400871719303,-1437.708267457779,-317.468863751630,-825.915047066101,-3870.888331640630,-385.413810201845,-1114.722650712836,4988.386791551067,3455.844584149859,2608.234393296911,262.034717793035,4212.626259395589,941.037482867280,1302.066330147828,-2199.253631266237,65.000464667164,3285.358359750991,1764.602669100620,1554.380410647947,-1150.037184319522,-3542.103993175377,392.063307880447,-2346.566715001832,2905.864728243276,-1709.118211275683,12.915640011656,2191.165684707818,-3934.187714884762,3556.745828482130,2905.714723011281,-1982.264200763907",-21.985225766282,242.776285791451,36
14,1669258434,Baseline,36,829.250542606547,722054.689008731628,"-230.801719963633,628.621528084984,262.110022126740,-463.060316965151,-700.300222939863,-356.148565313135,407.292208043867,1203.560781962211,-139.241243131348,-1244.698154704887,-1240.102371033880,273.611837375324,1276.600979361243,2037.614335564493,1074.017952122607,-1355.573181202995,-1841.271115492759,-611.701129585183,620.161309877585,2579.303248521529,2342.244826396681,1751.540689286379,514.934719042096,-179.218185158038,-745.462182222872,-1680.735593057290,-2422.278996436382,-2337.371860726053,-2309.011503997750,-2558.139282826312,-1706.458132513012,-989.746948347990,-112.307977751472,623.277241271011,1861.016310309492,1783.486177302038","-213.264684129900,148.130561660858,800.811144705722,630.892708318750,149.396399485609,-698.973387577662,-648.637145322058,850.763954186082,1265.162252578300,551.077960187565,-776.163222170880,-1659.259603252309,-611.161223299280,-35.695861097700,1738.224205302917,1911.783169768663,-48.400348863433,-1617.915221186734,-1308.685929190283,585.958893456842,1477.418729789063,1894.904667624291,2537.881352650039,2820.819737690575,2177.359657709526,1705.008546259187,1291.148983480499,711.891316863247,-706.100577085075,-1361.255184067764,-1915.294499019932,-1988.398584538753,-2529.253128994186,-2633.617356240058,-2052.943822132170,-1247.342204033671",43.831680757213,429.621249419686,9
14,1669258434,Sequential,36,941.448749980290,2723007.155027777422,"-2482.947727490532,-1935.323858021391,-1404.516421042992,241.397019462976,2886.175288628813,-3997.952638518309,4213.429602284327,1862.378232907020,2692.243190476740,2719.039717676465,4729.281590597078,-1188.592138664120,-576.733623839720,-256.223697535978,-1947.217606687676,178.593741373337,-4360.862347564319,1220.875881448791,2293.783281842334,1262.733885879167,3064.636147809283,-345.816482354910,-3937.441263722749,986.715650963165,3839.737912995331,1484.593077927067,362.251601164582,-2314.803619176233,-3707.759935384628,-1413.181128835450,-163.749532796609,-1336.271414247733,-3140.624744491172,-1293.103599117587,-1835.580510212989,-2174.358137116225","-1921.158404923073,-4175.247007365092,1291.973226170978,1688.042146966483,-2751.186495260145,-3002.727876475738,2692.027300491980,-1235.685218956791,-3231.071713893220,-1634.890995653183,-1622.928105875170,-1731.275653429405,-1015.398304619789,4993.430626014643,-4605.251740372672,-1202.038361553169,-904.344591611931,-536.003703372224,2978.060020289296,2739.218484255246,-3950.696809619878,-4390.800230278944,1282.891074681106,3235.371883010305,-1358.266212969828,384.236022787621,4067.929285836975,-2738.922867119521,-1677.368738628514,3616.022373085704,3739.924035072834,2457.757628593185,230.225907060974,2847.367688493297,1122.852124058581,-3577.466140597773",459.474286616803,-118.400803216299,5
14,1669258434,Proposed,36,952.486935332147,1151323.177545961458,"2738.643135653169,666.105587496747,-3687.706346802109,3947.813177041679,-3550.562181931542,-2162.734065231522,2545.688753109910,2541.000007007080,2409.693154969634,2155.832815524017,-2250.511851278228,-4543.897190277754,-3995.638505014275,-895.331696663119,-4181.151278478535,4922.255670438917,1634.649187038306,-1515.402108218908,4500.700425094147,-77.836016279852,1961.537980730276,2250.476661840770,-819.978338054792,1857.133702890037,1586.283313857278,337.742942441358,1299.949738777600,3297.411354895804,-168.810820889125,-228.672445077111,-4951.357246445400,-2773.615577206115,4548.643409339228,425.557961240445,-4186.210680904355,4252.391035810618","-1632.830226068359,1082.290208325930,-2704.807524419356,15.523381843667,-272.916121185929,2503.404723507389,2904.005722819573,2436.326473560380,-273.899596386542,-4153.662336334015,-523.628446660688,2086.384030850009,-3005.806536896094,1848.588696870340,-996.816108180211,720.209543215973,-394.334242068230,-4474.764259624008,2178.002682174052,3223.597412157859,-2376.256998415819,1442.628003571471,1407.037635877902,1656.416350538551,-1566.885590937425,-1422.724067150413,4208.648918423345,-3335.241933681817,-4901.272746020335,2691.399708932243,695.745224972927,-3357.971731003335,-1901.819815068180,2185.949066640141,-1675.592094239814,-2630.051421276302",274.724824067897,-230.975666981531,36
15,187169541,Baseline,36,848.816695671495,739853.175816018716,"-493.499813834492,1020.332799621994,157.327646352742,-932.883777059920,-769.987273042888,-432.598590579572,259.983893425372,1103.349892476447,242.617878324258,-1433.620321709400,-991.993353373820,317.952584648044,1511.043399001006,1807.703622886696,824.672469435748,-663.694083111724,-1840.112608351886,-901.492450670810,1006.425245675741,2524.522345888248,2479.242701284120,1501.820087808225,652.878415234402,9.046802312664,-1172.355296050030,-2013.401721096712,-2624.069827448716,-2605.605525662898,-3121.983145884992,-2608.889788185352,-1528.469679417372,-972.062592819693,-11.857943543942,366.830532400014,1705.192526731513,1992.978779610243","-179.407767534480,-82.764402365889,621.808056888710,1287.152494567664,237.174765009324,-722.055971150644,-498.144118263984,605.947879267610,1805.662554363213,852.828345833510,-321.768740764138,-1217.083074768708,-205.353897344836,481.329224981427,1625.359301785837,2061.012666469558,292.161871968034,-1443.251445904194,-2122.977866581838,859.895131531467,1443.980993972818,2050.975054165058,2659.337734126513,2487.068163270354,3021.789102070043,895.715232718320,822.410376326418,150.225389633682,-512.069431112112,-1328.546218236381,-2067.375166123426,-2510.208990951755,-2188.887401889695,-2803.929275471152,-2661.380547549773,-987.949003441893",-6.570575210972,473.326722381851,9
15,187169541,Sequential,36,946.094503577157,1777240.633913879516,"-1022.304995274462,1075.643458045847,-1190.893612696712,-2712.254790312963,-3343.077879797921,-1128.487538178325,319.542182232343,1458.074747500580,-689.915114466822,-2205.301155444502,-1618.861638390937,1349.719218900190,3773.764927382695,2791.200783274183,3049.359658537181,-2801.150004906508,-2400.291853761494,402.688436182433,362.734810104632,1457.048566985628,2914.844503240011,-590.496908144486,2494.178015294590,-957.583210366525,-1637.955028234933,-3740.161517706217,-4995.928988568758,-4800.652958230169,-3238.906710458923,-3394.572462421797,-1855.739124577350,-693.783051675870,-127.015627953098,2230.013716441965,868.829159788998,4468.694721416029","786.621292972474,-74.876130330415,2038.282537977802,-177.396242870995,-3718.041189874829,4240.689269095748,-4711.712821156504,2253.314156444206,1299.299403701606,4081.290567973288,-4310.827143938295,-1387.275977714222,-1473.968012398572,-1757.992187948485,2681.675436563190,2707.202634886074,-4386.182738642590,-1978.287490433198,-551.827667908726,4243.249666041148,2086.051086317545,3073.161748358288,3688.698634689738,4907.446830605925,1455.958713321126,2926.177420402828,201.726401788037,-1072.384868816584,-872.277299491609,-1931.896802413480,-3374.435921321518,-4230.585577606096,-3731.416209740401,-2811.861305350060,-4172.207672879892,172.611672639094",-550.401240151367,283.528362312652,7
15,187169541,Proposed,36,943.868698820990,1062852.239156234311,"4339.082544821172,-4858.745277772730,-3951.526087133118,-1273.654512040302,922.014550927421,1988.617133672743,2675.027945003654,-1110.850220636074,-2176.619388702392,1673.065938051818,-1928.769297364644,-1164.468916182426,-22.072163513323,-493.823249775160,-226.401027526266,2670.450720908655,1468.934788910578,2209.634515294968,-4442.938490647846,-1259.885607064943,1164.866251797566,565.475362671933,2039.030305320525,-2494.031912585351,-2532.836669532745,-3139.425644509451,-4643.627318420014,4534.890410630282,801.956467934563,-4492.234427013507,-4306.323489183882,3018.823840645864,-1489.066245975383,2803.390353422276,3589.921299374776,1472.151820820797","-91.951024481370,1180.082338534561,3063.566807286309,-1053.025195597371,-1641.949401350527,3858.922994971649,-562.726859162618,3170.520356337131,-3680.864628845303,-3321.261369719163,-3348.750276019879,-243.176274209613,1449.342805533098,-2806.122851905435,1729.347926024499,-3993.378212234668,-1753.531978874402,191.540111399750,-2275.366928949333,1064.763675400078,693.145740656119,-4628.412953630137,2325.845419344419,-1149.103089991146,-3799.191602169657,2111.879237719948,1853.840696398521,2084.670736306918,-701.413570185910,-427.225719727974,895.676954947837,2043.476738187734,-1433.914171713831,-2997.992674451496,-350.431662403820,1201.562845290455",-224.165713760277,-315.044585035684,36
16,1655629214,Baseline,36,826.079882656622,851118.493706697831,"-152.831847844708,528.481111633574,308.588372368171,-342.007897577060,-935.633321215753,-550.440335343970,312.891085116377,1063.932076888005,206.047172920169,-1292.577711294004,-1078.884392775613,-154.138532491433,1414.823164093751,1980.173797537139,1025.719675870530,-1062.589640464692,-2097.154192437768,-965.669283352768,906.184809824640,2402.298383370624,2072.275785667158,1570.335278153642,417.675184370623,-229.832688356903,-1180.961608047995,-2015.965949284089,-2157.681395983559,-2492.298978257506,-2414.753461657877,-2254.093671363035,-1740.623279137700,-1013.448249113198,-75.177610508292,643.958079316493,1755.941533703647,2068.543906969473","34.906336697386,128.667513162866,517.713272371588,903.663534276185,-89.049027179785,-565.642976212010,-624.053304376700,587.582301171432,1176.858867183615,631.216872651145,-631.906728472480,-1401.709728725422,-740.905538004041,61.738049570988,1705.459947709606,1764.049942160867,-85.199581418561,-1519.849092695057,-1688.064662318152,781.912965178886,1118.092453811173,2000.447872849207,2449.359008459842,2525.003322540918,2321.787361781322,1377.443521532750,1079.360589174152,314.757407774667,-369.812767198559,-1017.588987248938,-1728.656797571084,-2325.306354397690,-2565.496624108364,-2536.614993002168,-1551.033264656323,-1019.521637209963",-306.525133457885,-199.605540683114,8
16,1655629214,Sequential,36,957.435450160539,1940562.856519623194,"-244.029147535606,3875.021636334143,-2886.453052655764,1725.098231219876,-2358.455378722003,4870.311432394064,-706.449734449034,-1839.612388882925,-3640.182332788776,-4737.143760789885,-4258.752569030774,-3801.051154820923,2731.796683274222,-3478.554662817259,-672.085136938503,-1143.670050798723,2767.397724988395,1303.373482415669,127.500613034503,-1741.248009119249,-3972.667612213846,-597.120333172685,-251.128052434117,-1209.154694650046,353.810710646982,-2593.572206369439,1947.394494197559,-460.717841203656,-2261.161063832311,748.361429684355,1946.153842864216,-2255.141842866710,1757.500402656403,3205.252860525713,2060.365623322550,4380.687339293129","1079.533161248781,1532.537248246221,-3277.851490901611,-4191.536503639034,4115.143900383625,-1131.400261398096,-3862.452378517181,-2078.012976790917,-3427.692020011784,-1599.834050646960,-2619.737879211159,3248.385771184594,-2072.949314761241,1262.534193628790,-343.935971206850,3535.862177551115,676.455406787082,-78.536408872579,4998.374095010879,900.879424555077,2124.591643730837,702.557854293078,-1013.669875804076,-4851.591998963408,-4566.564114582714,921.390538724788,362.821935014932,-2979.764203281352,-704.237751971747,1891.123345130520,2418.748079605234,2315.540415771669,-662.987126966264,-1807.742828725354,4555.753889119855,-2410.306709810369",-374.356666360730,-297.511077984149,7
16,1655629214,Proposed,36,945.379941581215,1083180.310818838188,"-1798.155571665394,-2551.994816841308,-3321.665860730424,2103.451050099732,1659.626020120402,2684.593686333822,1460.192194995776,-1971.021575275257,-1857.714441193208,224.354718186572,3010.309085221475,-2825.488782444224,-3007.204430446467,4392.973125538234,4298.345835434347,4594.988337443388,-857.486310260359,173.333511930414,-1594.889488025246,-1318.475064407440,-2139.045408890076,1447.406076952039,1258.596230635817,1726.675819012640,-1112.228862587959,-4860.623530271514,3121.227525829676,3651.240303539112,-2090.964163423007,-844.385079488061,-4401.529047776055,3868.120676467746,-575.785339268721,-435.372712229403,2016.767960663756,1712.094362124511","1203.970391479674,-1092.589165993111,1958.195573873936,676.267153875137,-3559.066036975255,393.584633908234,548.170341223695,3215.118317555206,899.027700924608,-294.286750103864,-2626.076760119915,-2247.742212177789,-3497.106472549225,-884.640429940159,2137.614957249195,-482.181454141332,-523.123278035929,4327.441359727996,-1891.957887438563,-1582.790580371534,-4519.345609566310,1483.310769824677,-3401.646250799336,4521.099081938501,-4874.725321207985,6.762483500505,805.652465005827,-1218.030656896607,-2695.070974248206,2731.851759704408,460.391938109013,1070.465741882276,-3061.114465230124,-4367.814422776169,-3758.530721564211,-1555.475984617480",162.229612091815,-602.621965693617,36
17,709207862,Baseline,36,820.942996454365,807825.131335207028,"40.148464462758,1058.788732245871,451.111671462743,-77.699415018824,-655.208476336752,-339.943940500490,381.753307861415,1079.676065608832,131.712676676772,-1083.530367932453,-1066.248019217994,130.695920364548,1217.215069767627,1658.630146904719,777.151783973246,-1106.322430011470,-1812.821264450536,-1143.664064034668,1124.062209139646,2712.356534312944,1934.065387804784,1699.350876909218,326.155706632322,-120.812176226956,-933.803435000114,-2028.014691352069,-1977.005089729285,-2455.486559986982,-2274.890716304725,-2273.645701979101,-1887.673111617073,-1056.326890329309,-315.789724442547,268.906173863918,2041.569220196096,2364.497500195859","-68.908709223167,141.942095983573,669.869283631100,552.930293131299,350.438878476149,-685.033299490317,-499.639501326244,734.235888675118,1340.458982368277,641.135967788510,-674.595178463497,-1413.324904475565,-534.682580512202,-226.274853588839,1923.094820590073,1848.914505991306,324.450240162106,-1603.476964438700,-1714.573827799260,713.004358899964,907.278478699085,1920.405492315378,2504.261864218237,2730.601223119816,2149.347687615509,1533.344734155382,1053.669257473835,325.776660872657,-515.810509114471,-1144.238451976147,-1443.225745245315,-2083.746768804038,-2230.876022765818,-2653.055055072520,-1588.893524754087,-1382.137570048685",-140.070414586192,-299.864578590938,11
17,709207862,Sequential,36,942.449923504418,1279324.653028495377,"-2521.865398223647,-252.114526923269,76.056001849921,2751.717400820886,-908.871068507391,4049.312462351910,-3004.378546944584,-1288.727547603190,240.013112468595,3816.758945144350,3574.667566402724,-31.917542900695,3482.848308090628,-3512.754423990466,1901.695389997735,1321.682504474179,-334.728505940045,3877.198041644903,1321.481970399442,-1593.983696409270,-2013.787374998734,-1567.236430029305,-1732.160242317585,-2730.362702341219,1403.852738098838,-2514.934269789398,-791.202186675120,-387.766198009298,-2179.084836240233,-2964.141072277751,-1351.997734413365,-510.356444987192,-1791.275070268853,-4742.850298208270,355.405328353575,2173.405289551319","2047.775579587829,-1965.765435385108,3778.176902560881,109.996996884601,-4489.531086774154,-1984.089027571741,-1277.309445197244,4831.064200365036,-2869.156322452334,-2104.383735403890,3135.931862249735,3194.395080096245,-3587.445841100637,2270.753291805292,-3169.477640601011,-1019.452946461550,1479.778714652821,486.849579760817,-4822.207523729066,1868.000697598666,-4576.533667339912,-3973.432999333004,217.536518248010,-3400.495497699373,353.597835291908,-1589.767043912278,3375.594936218993,1950.464120052484,-195.547370466678,2592.762513346405,618.440734595284,4973.885432844230,-2598.766451970703,-625.266696424458,-4569.281156264745,3649.828903671670",-861.768966031178,270.381267083016,9
17,709207862,Proposed,36,934.488646404915,1003450.183591298643,"-2052.404233853771,-115.225094123239,-1847.596517569000,2052.724053995639,-1267.566024017254,78.773645486756,2870.957359436974,564.492012349553,-3704.844745709869,-2636.358872466315,-4790.813284718758,-582.515957987555,2387.610019206752,-3810.829990109192,351.807300058137,-651.053269773177,1950.027714782372,-706.021607445911,-4908.844048478258,200.815097602036,4966.272610561644,2031.896725387385,-3462.007146981229,216.096331673861,24.329920075101,395.780673876705,-2002.376879468803,-4305.970723074213,-1509.555266353319,-420.195769023255,2430.433113809455,3115.657377171185,1284.718382283491,676.259338462746,3749.900200777250,3026.995361908974","-4059.564728796704,-2527.052161880868,2457.024607049520,2058.515505646840,-1007.645642313971,823.434408467736,-3945.235209662272,306.150791851726,-3077.067630096551,-1211.510941686632,-1411.105553854753,250.094264539888,3343.642830273062,464.614167560259,-1014.342952638703,2013.215398115067,-3849.990288904409,-563.482253570239,950.394711538099,2670.429398127096,579.772677508379,1018.496243107870,3492.538064852525,-4832.531139409250,1579.685064441029,-2008.888581637159,-220.803146755224,2130.459491255270,3789.209937050191,621.888675632845,-3522.658819075828,2177.152564020059,1912.187884299814,4345.487933538787,-6.626357224384,-29.991846697398",-177.739783117975,102.663815685326,36
18,1324314054,Baseline,36,835.366277851247,730448.442634866107,"169.436881597576,799.468038057815,227.432807403600,-11.409727261064,-534.388855951279,-643.186228859726,697.967393178015,1555.517624790282,-423.985384775435,-1263.767471799479,-1389.078652054692,145.468677319388,880.664285899329,1765.056869235551,979.893211630961,-1285.011032254421,-1850.173893573777,-862.278575518305,1091.850581840220,2441.352909950310,2604.891440393100,2008.883980230197,915.416367580405,322.473490653602,-918.521176472061,-2504.626106104080,-2118.525274018336,-2243.798299729223,-2490.395149118411,-2291.961054319293,-1850.877085391927,-446.755946700874,14.326703402682,408.117261472183,1776.701719418562,2501.032427355722","19.304474254490,19.072746658347,1224.469626257557,967.278929259900,281.393289315004,-918.481738998421,-489.476173987697,427.881716286392,1808.527981763685,176.708154789567,-493.134068872861,-1105.806469957131,-919.652356503106,-209.285550040024,1771.556482021140,1521.654072388598,-281.621685944756,-1274.109366927949,-1967.484926390998,813.913273160047,1518.434985222994,1592.828250477607,2942.259597735330,2664.670657450323,2263.286572505368,1929.871452758834,842.943765764411,417.197306967027,-510.175064282161,-1025.695359048300,-1566.796970698538,-2510.569748821717,-2243.877699013963,-2972.862434888028,-1652.802754187009,-1585.351437379987",-100.749784026744,-236.750394852194,9
18,1324314054,Sequential,36,943.267271071588,1299995.945049211616,"-1508.518611425169,-582.171075306058,-702.505241074660,3420.347705836757,-2906.031311713867,662.852780334371,4954.762151895763,-2338.766187765840,176.109230289224,3509.083102474925,4216.431646561682,1770.754826850655,-3039.474086767998,1946.136448205779,2425.171902011557,-1974.374694783665,1528.666790971307,-3447.369996161296,-3169.548268803848,1715.126875821757,-3677.766281752541,-2849.123669685946,-13.490498836173,2577.679030450058,-4999.986009295826,449.123857250539,1709.414396351667,4265.228016122884,2879.786663010883,1107.478641893332,2913.248286208733,272.753254839479,-3237.152162377276,-4039.755283256019,2468.377490674690,-1976.368763710131","-2706.206999170777,2915.771179754941,636.821684008494,2331.676642631454,-2395.297000152665,-1300.081065094910,-291.759949333974,-1462.253406190810,4996.897591406786,-3271.848178368203,2687.322862975929,1637.758492731489,739.687053607413,2275.431849886164,674.299734885474,3486.077754763796,-850.978748577006,-2207.008418678605,-296.049762317343,3890.076824895331,1548.808136620470,3370.524875290430,-4368.194478313752,3739.433069812250,11.828222436031,-3682.298834108895,4698.712847317408,-1230.858875560436,-2477.552614696165,-296.741712270224,-4063.617159982210,546.641683164943,-1350.023841995041,1757.332215799966,1215.246336940203,-3273.579340007205",600.585851184615,-399.590081837922,9
18,1324314054,Proposed,36,945.259620267895,1064840.777720884653,"-723.947734393168,2414.912901031192,1527.239457275814,221.497039182839,1395.645156779367,-3153.814494543254,1292.562031901035,1976.020724083141,-1164.642730121602,-556.112535085895,-969.769197941097,1884.372724786622,3676.188902325251,3759.316511070379,1278.746239829880,-2402.439311901290,3339.560275595410,-3396.938166625961,-1323.943512540366,2297.975590263876,3030.658555060226,1386.783015847928,-362.666207066582,1079.331594363310,-3074.998473007406,-3569.016639476691,-4569.261327075776,-3782.695946323071,-2885.120123061651,-4907.001147405385,-2747.777401754028,-1859.064084723014,184.342347205611,2233.958458452824,744.273628844573,1412.403489818235","1154.405940844671,3822.362593313200,-3755.765868758720,958.134218257194,-1389.523897518233,-1065.733870888799,-301.856452660827,-2183.426922211233,2697.073296591340,4727.339104991708,-1665.716566153890,486.231100466541,-1439.402860548069,-2188.282954147952,1331.821594793466,587.535323308140,2287.864303311273,-200.539911877264,-3678.787234592468,701.534387811916,-97.576924905761,2066.692426221920,4330.615988143761,3422.429823029992,1788.945369599005,3110.890585739580,1747.052397386861,-2146.579723061358,4083.635864704972,-959.864438013115,-2932.847736058644,-2839.281065615179,-4469.027120350889,-4094.562250727196,-482.055229886945,308.978696307370",-175.372788592465,103.408666301288,36
19,1259961158,Baseline,36,846.046036552153,994938.705118366983,"41.769862577864,768.057011306130,158.052611727439,-479.738272453686,-878.426199331110,-206.868251167357,632.267343511385,923.461850854924,253.451674627851,-1055.952363534331,-1026.514055508836,-34.895457617870,1284.664084091265,1955.744140999706,580.971970757143,-1196.810805309367,-2199.921926853800,-841.909191123362,1151.060721709268,2233.455102013500,1758.717642516088,1743.466019395215,1177.442019774942,-44.441355854329,-777.183558835319,-1775.162396899233,-2665.989730012021,-2740.274251973688,-2173.253561475441,-2181.359730322126,-2055.928473686801,-975.579616876627,43.462853784518,436.800117261891,1530.177711557408,2400.422969359875","-245.211007958370,28.593153756588,806.439186237538,664.284270012752,-33.739518588239,-820.797388325530,-910.562057195418,885.083831700695,1177.052186440592,848.774777596401,-397.014949847540,-1629.352250072710,-628.373618403481,-253.723175367285,1658.535526176281,1544.027001976483,656.966442750510,-1718.921728221716,-1185.736868271342,487.682779845711,1492.422726241644,2042.576378669367,2402.203894315806,2778.346882858400,2473.649045208824,1145.508536141235,1246.654395869335,-255.592535457823,-628.387436353812,-979.604414409608,-1520.120027475310,-2240.710747262208,-2967.563748151506,-2706.545981220384,-1791.858840823638,-1047.961309743942",188.840032316746,331.939229846153,7
19,1259961158,Sequential,36,945.408253834036,2624154.897841564845,"229.535907485685,330.914540875790,1843.341214016659,-2282.954261184273,-2270.315870837529,2943.197023961311,-3136.586696209535,3261.097306943738,1259.174341481365,2728.896680362724,-1716.482604735898,500.378800034955,3778.887849810086,-711.044883404404,-2434.114525968996,2011.578307078255,-1574.776856987321,-1700.399635779133,3067.603131890704,-4179.699637831453,-3231.751973842268,4459.548292280519,-275.514711647788,-1489.380924380692,1854.723786194241,2683.784869063232,-836.518355084623,-100.654438464123,2082.980345585911,1136.026476706071,3960.421617208585,-4645.430987754630,4991.635693379750,1404.732698969877,1006.538359149539,628.887052222295","-2927.963307253780,1543.590076108163,2067.496156346212,-4448.383958398889,1784.761802934863,-1568.925772255285,-1408.036235671621,2031.285372037075,1859.833811650224,-4189.644723351290,-192.381177345421,4131.453919429407,-1262.518893312413,3058.730594512270,3270.906173297335,-1851.163503038917,-3627.575511590572,594.993114856469,2894.335974194147,210.614297768954,3815.203687821478,-2261.068116801858,-616.291234245931,4585.324010265248,-381.399027473900,2389.857532629573,733.391435749666,-3949.459963413697,513.926223714965,-3134.704013839816,1051.473823085860,-214.997331525647,-289.090132272388,-4315.400768533395,-817.581262085091,433.491853166899",887.859353136943,-236.134219287737,5
19,1259961158,Proposed,36,945.646859044751,1110170.472459690645,"-3198.816040903843,-711.220963518411,4876.924185727173,-593.322962738193,-421.259408606859,-2307.732949890976,3005.982795642769,1809.653024771625,94.082197791033,-482.060561641619,-3396.099115074667,-364.712492868165,1484.508221251633,2685.564429045982,-764.180909984847,-939.504125731997,-3093.220274774579,-1808.229518529540,4276.089962371452,4022.429337031047,702.954265785486,3093.692091741833,2233.327933066414,1826.421544284036,-2350.315841270583,2929.293186140488,-4467.673973475175,-3267.936509686590,-3159.348755659410,-2873.880109175769,-4871.728644070100,-1539.533158908792,-544.456001970365,3832.780768262364,3700.367046967141,3121.565453997126","2025.360993608787,190.151476883485,-835.745010697599,-1243.240086771007,-1743.004091269420,-2502.923664108953,-3414.942424256992,-4661.025201598347,-524.989939677360,-4933.420685234601,193.389003783947,1983.093539481853,-3966.264142761366,821.639343332150,-282.198144860847,2179.082380051815,-1956.872957676316,-1909.889842696908,-2542.453639386088,588.550247192530,2638.242282296065,3201.318057205305,3606.954778314187,1876.587892723712,1496.077333917141,4052.066316045545,1116.216062823906,-1459.628309578677,-782.181319905450,-4091.553875740105,-956.646915292657,-4133.570285385405,-3609.610138351816,-3190.263551677394,-2299.465499873205,-447.601771330561",70.566781261031,-708.854494179740,36
20,197488920,Baseline,36,851.023162577611,930470.573129376280,"386.516014862072,753.678855152754,836.528374593062,-635.845524357426,-702.840396081478,-576.296377580922,551.095551565014,1207.304617061358,21.568020536326,-1179.191813023863,-1006.537406093693,-110.289932352470,568.696245946360,1868.621997251397,532.675922855768,-836.963534954379,-1816.592993511639,-1115.126692209548,1292.399371291745,2759.221205320121,2239.427747532452,1798.084322352381,917.734058855765,-135.093195466039,-799.003841710038,-2214.218687210757,-2459.513138297978,-2484.146985706881,-2077.361600466575,-2218.776255084607,-2252.724790858906,-888.047280011310,-444.718596074114,926.255531407983,1145.758302660438,2296.680254659535","-251.615092854691,277.642445767086,1000.380100229295,781.315565431722,75.123228488476,-813.656879601347,-627.552639712171,585.059799351139,1159.765267287698,599.581502210432,-517.699025337809,-1594.382639058727,-965.405058863037,-249.725999899446,2080.936640054258,1359.064390379736,185.399989267833,-1772.234500941753,-1976.569427258862,405.589263542953,871.147736558651,1788.306499139412,2632.484724576117,2368.492723155952,1997.535034178714,1816.104129195624,1173.559510324911,353.306931161666,-435.907260540958,-860.049699290435,-1420.756269032924,-2730.951705737859,-2236.863204501225,-3224.604500869745,-1720.905604229989,-1024.537096022549",59.536337375834,-82.258118407137,8
20,197488920,Sequential,36,943.798263724119,1277155.533150252420,"860.040804512592,1790.394876437753,-2662.169088723947,-1357.514857568236,-1603.457512754857,1872.890955145169,1412.281751589539,2413.420259763261,3449.107049117903,-901.704967146114,-148.177717165387,4933.786313666646,2456.368812600484,3416.984413856026,556.178242712401,-2426.479556121961,-4942.215818967107,-1787.507624323705,1186.977376430530,4342.978973082359,3864.840323627054,872.281710936067,1626.585073471491,58.141209145496,-245.495925451224,-2334.277430890761,-3058.754439907834,-4446.661780676807,-4298.921211086935,-2781.333267050443,-3578.255589007527,-899.335471223744,-3860.412871562717,3101.663020822773,1504.551727889934,2069.986892810324","-2350.986015051210,-563.289852985450,2109.616099254946,-3202.245016749310,-175.418240016757,-4271.859148914594,1747.311868511230,3008.600975866066,1670.969886452464,1916.122709347336,-1669.211613313017,-811.019488715086,-1005.607689850224,-374.726958996699,3872.337004623245,3203.960657540861,757.959628708078,-2405.671621372461,595.288308819877,98.927517110823,-1343.148255807240,2660.482553886053,2366.153662757723,4792.592519509129,2327.815567831372,-1878.865767643713,1572.868179808220,-1414.128131197391,75.844721846658,-839.025339608133,-2039.629879918713,-2588.086360849845,-3177.611124897585,-3921.694341131210,-2812.833406008853,-2477.153904238323",-103.991406191601,-522.732096382735,9
20,197488920,Proposed,36,947.583536017009,1097635.327177906642,"860.040804512592,1790.394876437753,-2662.169088723947,-1357.514857568236,-1603.457512754857,1872.890955145169,1412.281751589539,2413.420259763261,3449.107049117903,-901.704967146114,-148.177717165387,4933.786313666646,2456.368812600484,3416.984413856026,556.178242712401,-2426.479556121961,-4942.215818967107,-1787.507624323705,1186.977376430530,4342.978973082359,3864.840323627054,872.281710936067,1626.585073471491,58.141209145496,-245.495925451224,-2334.277430890761,-3058.754439907834,-4446.661780676807,-4298.921211086935,-2781.333267050443,-3578.255589007527,-899.335471223744,-3860.412871562717,3101.663020822773,1504.551727889934,2069.986892810324","-2350.986015051210,-563.289852985450,2109.616099254946,-3202.245016749310,-175.418240016757,-4271.859148914594,1747.311868511230,3008.600975866066,1670.969886452464,1916.122709347336,-1669.211613313017,-811.019488715086,-1005.607689850224,-374.726958996699,3872.337004623245,3203.960657540861,757.959628708078,-2405.671621372461,595.288308819877,98.927517110823,-1343.148255807240,2660.482553886053,2366.153662757723,4792.592519509129,2327.815567831372,-1878.865767643713,1572.868179808220,-1414.128131197391,75.844721846658,-839.025339608133,-2039.629879918713,-2588.086360849845,-3177.611124897585,-3921.694341131210,-2812.833406008853,-2477.153904238323",12.688462721903,-181.815563760881,36
