INDPB,MUTPB,CXPB,AEP
0.05,0.05,0.05,7356419.492571248
0.05,0.05,0.1,8439681.317117836
0.05,0.05,0.15,7461039.538403938
0.05,0.05,0.2,8368466.411572574
0.05,0.05,0.25,8536036.445327148
0.05,0.05,0.3,8619311.327861724
0.05,0.05,0.35,8577531.26766256
0.05,0.05,0.4,8660892.37646691
0.05,0.05,0.45,8780097.84795316
0.05,0.05,0.5,7785414.4460458085
0.05,0.05,0.55,7562141.039336596
0.05,0.05,0.6,8859880.339373667
0.05,0.05,0.65,8880386.400772344
0.05,0.05,0.7,8869152.889858231
0.05,0.05,0.75,8874847.55709662
0.05,0.05,0.8,8894511.383689974
0.05,0.05,0.85,8620514.04449283
0.05,0.05,0.9,8983151.304655463
0.05,0.05,0.95,8641169.043892203
0.05,0.05,1.0,8445840.577345237
0.05,0.1,0.05,8237958.606434237
0.05,0.1,0.1,8315689.6836753385
0.05,0.1,0.15,8553517.12729879
0.05,0.1,0.2,8515017.309612175
0.05,0.1,0.25,8539310.712672085
0.05,0.1,0.3,8623423.130921505
0.05,0.1,0.35,8734183.543383794
0.05,0.1,0.4,8766351.201871654
0.05,0.1,0.45,8807674.920475863
0.05,0.1,0.5,8827948.435603483
0.05,0.1,0.55,8863691.47628191
0.05,0.1,0.6,8871733.873425484
0.05,0.1,0.65,8901114.04369336
0.05,0.1,0.7,8900064.321915803
0.05,0.1,0.75,7917088.366051147
0.05,0.1,0.8,8937268.67384555
0.05,0.1,0.85,8939202.151858486
0.05,0.1,0.9,7568847.471536646
0.05,0.1,0.95,8989423.259964168
0.05,0.1,1.0,8445420.818694282
0.05,0.15,0.05,8351338.726783028
0.05,0.15,0.1,8413957.223102108
0.05,0.15,0.15,8316931.434871657
0.05,0.15,0.2,8427740.11783919
0.05,0.15,0.25,8561164.608590577
0.05,0.15,0.3,8687256.072725724
0.05,0.15,0.35,8654355.421755884
0.05,0.15,0.4,8764417.39608023
0.05,0.15,0.45,8759461.888709191
0.05,0.15,0.5,8819160.563656162
0.05,0.15,0.55,8870534.994539674
0.05,0.15,0.6,8877633.365240864
0.05,0.15,0.65,8903162.907330392
0.05,0.15,0.7,8896602.928540472
0.05,0.15,0.75,8890231.457163492
0.05,0.15,0.8,8914364.210652027
0.05,0.15,0.85,8914276.650698619
0.05,0.15,0.9,8978979.232492156
0.05,0.15,0.95,9011918.305052109
0.05,0.15,1.0,8433849.17352369
0.05,0.2,0.05,8344038.807958778
0.05,0.2,0.1,7435056.981842438
0.05,0.2,0.15,8407226.131329786
0.05,0.2,0.2,8546550.569936126
0.05,0.2,0.25,8604055.223938534
0.05,0.2,0.3,8684394.945845058
0.05,0.2,0.35,8621488.980292985
0.05,0.2,0.4,8711548.654408686
0.05,0.2,0.45,8811815.992887244
0.05,0.2,0.5,8787275.916704766
0.05,0.2,0.55,8881619.246152356
0.05,0.2,0.6,8904603.766699959
0.05,0.2,0.65,8901322.449731896
0.05,0.2,0.7,8892296.6775773
0.05,0.2,0.75,8915355.182862816
0.05,0.2,0.8,8939587.795522077
0.05,0.2,0.85,8950889.712126825
0.05,0.2,0.9,8941857.62533641
0.05,0.2,0.95,9020876.673609503
0.05,0.2,1.0,8461860.069225928
0.05,0.25,0.05,8400513.919118099
0.05,0.25,0.1,7399058.276213773
0.05,0.25,0.15,8457045.014844777
0.05,0.25,0.2,8539902.924195033
0.05,0.25,0.25,8608305.28079292
0.05,0.25,0.3,8597019.197748492
0.05,0.25,0.35,8674077.887835095
0.05,0.25,0.4,8751196.254044728
0.05,0.25,0.45,8801410.77482072
0.05,0.25,0.5,8838123.427128848
0.05,0.25,0.55,8840740.300280772
0.05,0.25,0.6,8886096.148454914
0.05,0.25,0.65,8888868.259807428
0.05,0.25,0.7,8917966.389051229
0.05,0.25,0.75,8923555.42349872
0.05,0.25,0.8,8907624.067145027
0.05,0.25,0.85,8899464.95943731
0.05,0.25,0.9,8932253.671494335
0.05,0.25,0.95,8515936.127191767
0.05,0.25,1.0,8422617.452165589
0.05,0.3,0.05,8354650.509615457
0.05,0.3,0.1,8351648.276878074
0.05,0.3,0.15,8539216.27665628
0.05,0.3,0.2,8602906.936527308
0.05,0.3,0.25,8594485.703817688
0.05,0.3,0.3,8652809.572304754
0.05,0.3,0.35,8647462.76110613
0.05,0.3,0.4,8715983.937869538
0.05,0.3,0.45,8766031.196350684
0.05,0.3,0.5,8852623.028261105
0.05,0.3,0.55,8849028.850000897
0.05,0.3,0.6,8925085.450249042
0.05,0.3,0.65,8844386.546621105
0.05,0.3,0.7,8919802.359245386
0.05,0.3,0.75,8943881.94515127
0.05,0.3,0.8,8966722.199048534
0.05,0.3,0.85,8937761.887749836
0.05,0.3,0.9,8972330.808638426
0.05,0.3,0.95,8541821.605039978
0.05,0.3,1.0,8426841.05521565
0.05,0.35,0.05,8371210.00256511
0.05,0.35,0.1,8390172.912971305
0.05,0.35,0.15,8550930.609755319
0.05,0.35,0.2,8537623.274731006
0.05,0.35,0.25,8470447.196450777
0.05,0.35,0.3,8621943.051497852
0.05,0.35,0.35,8661526.575943902
0.05,0.35,0.4,8715899.841349013
0.05,0.35,0.45,8761867.29321574
0.05,0.35,0.5,8784780.49163608
0.05,0.35,0.55,8787537.600332364
0.05,0.35,0.6,8864953.136549998
0.05,0.35,0.65,8879503.916680226
0.05,0.35,0.7,8893053.884801894
0.05,0.35,0.75,8889171.526215814
0.05,0.35,0.8,8922861.127148312
0.05,0.35,0.85,8912732.448364884
0.05,0.35,0.9,8987194.140133766
0.05,0.35,0.95,8498365.90395307
0.05,0.35,1.0,8420231.631176721
0.05,0.4,0.05,8292500.178564547
0.05,0.4,0.1,8440232.075357892
0.05,0.4,0.15,8525049.538172785
0.05,0.4,0.2,8543192.95143162
0.05,0.4,0.25,8604948.026965156
0.05,0.4,0.3,8638647.368575754
0.05,0.4,0.35,8608507.678377997
0.05,0.4,0.4,8766225.969836392
0.05,0.4,0.45,8706503.718200501
0.05,0.4,0.5,8786708.097753014
0.05,0.4,0.55,8846006.7290028
0.05,0.4,0.6,8840731.767257804
0.05,0.4,0.65,8901109.361674411
0.05,0.4,0.7,8887170.278891632
0.05,0.4,0.75,8916412.483074388
0.05,0.4,0.8,8932976.23036217
0.05,0.4,0.85,8933769.807678534
0.05,0.4,0.9,8932122.147824569
0.05,0.4,0.95,8513061.202092707
0.05,0.4,1.0,8422516.040201934
0.05,0.45,0.05,8361889.352634147
0.05,0.45,0.1,8452849.56924557
0.05,0.45,0.15,8566325.484263504
0.05,0.45,0.2,8551753.650576394
0.05,0.45,0.25,8644950.80431944
0.05,0.45,0.3,8547951.04101427
0.05,0.45,0.35,8728288.321523353
0.05,0.45,0.4,8691544.329711916
0.05,0.45,0.45,8772072.953625578
0.05,0.45,0.5,8798183.633917496
0.05,0.45,0.55,8446941.692593306
0.05,0.45,0.6,8884864.868685592
0.05,0.45,0.65,8858116.01010009
0.05,0.45,0.7,8904942.109115334
0.05,0.45,0.75,8924189.047379859
0.05,0.45,0.8,8939293.23823373
0.05,0.45,0.85,8956827.354756381
0.05,0.45,0.9,8946242.15115306
0.05,0.45,0.95,9005375.69403791
0.05,0.45,1.0,8435822.03043183
0.05,0.5,0.05,8369660.838351053
0.05,0.5,0.1,8350745.93288767
0.05,0.5,0.15,8493887.807807997
0.05,0.5,0.2,8354894.379951586
0.05,0.5,0.25,8285757.2942404095
0.05,0.5,0.3,8662705.273260461
0.05,0.5,0.35,8733958.970955906
0.05,0.5,0.4,8742148.085542282
0.05,0.5,0.45,8374425.789349638
0.05,0.5,0.5,8830622.454763401
0.05,0.5,0.55,8825008.41713113
0.05,0.5,0.6,8866208.19377656
0.05,0.5,0.65,8889487.198079133
0.05,0.5,0.7,8902729.201078704
0.05,0.5,0.75,8912804.281146158
0.05,0.5,0.8,8912722.626301212
0.05,0.5,0.85,8931897.516002623
0.05,0.5,0.9,8993324.867548268
0.05,0.5,0.95,8410130.488286603
0.05,0.5,1.0,8426505.283897977
0.05,0.55,0.05,8363118.251777565
0.05,0.55,0.1,8458815.228794327
0.05,0.55,0.15,8467422.408534613
0.05,0.55,0.2,8469468.825462628
0.05,0.55,0.25,8638954.178568196
0.05,0.55,0.3,8650982.346377946
0.05,0.55,0.35,8643679.988204379
0.05,0.55,0.4,8343534.050546803
0.05,0.55,0.45,8808340.512664866
0.05,0.55,0.5,8817550.093520923
0.05,0.55,0.55,8847633.391354596
0.05,0.55,0.6,8860305.798156228
0.05,0.55,0.65,8900067.731826633
0.05,0.55,0.7,8886044.95087188
0.05,0.55,0.75,8895312.437484965
0.05,0.55,0.8,8920989.536460105
0.05,0.55,0.85,8941512.389869194
0.05,0.55,0.9,8974406.520185683
0.05,0.55,0.95,8454827.788117277
0.05,0.55,1.0,8402233.129020078
0.05,0.6,0.05,8468365.20122707
0.05,0.6,0.1,8428682.765706459
0.05,0.6,0.15,8503625.953825872
0.05,0.6,0.2,8331373.8757850295
0.05,0.6,0.25,8633343.380873144
0.05,0.6,0.3,8710029.171020882
0.05,0.6,0.35,8678779.720301738
0.05,0.6,0.4,8603446.04257625
0.05,0.6,0.45,8798537.474076875
0.05,0.6,0.5,8816568.609390061
0.05,0.6,0.55,8824931.194736548
0.05,0.6,0.6,8877093.198439699
0.05,0.6,0.65,8861927.796657275
0.05,0.6,0.7,8924357.995338088
0.05,0.6,0.75,8934557.073043425
0.05,0.6,0.8,8917750.057560556
0.05,0.6,0.85,8934882.345880724
0.05,0.6,0.9,9005271.01500693
0.05,0.6,0.95,8420862.450510493
0.05,0.6,1.0,8415388.43499885
0.05,0.65,0.05,8446320.929227443
0.05,0.65,0.1,8330548.952361337
0.05,0.65,0.15,8436370.022622382
0.05,0.65,0.2,8468937.473161966
0.05,0.65,0.25,8319428.403785264
0.05,0.65,0.3,8414162.096855287
0.05,0.65,0.35,8754452.904426016
0.05,0.65,0.4,8714276.160471281
0.05,0.65,0.45,8826346.062611846
0.05,0.65,0.5,8833578.615225602
0.05,0.65,0.55,8825717.501732223
0.05,0.65,0.6,8829845.855300834
0.05,0.65,0.65,8842319.612376736
0.05,0.65,0.7,8912744.381155802
0.05,0.65,0.75,8929135.19894187
0.05,0.65,0.8,8926807.229360342
0.05,0.65,0.85,8939674.043282911
0.05,0.65,0.9,8983809.358742272
0.05,0.65,0.95,8447242.201425478
0.05,0.65,1.0,8384772.729146029
0.05,0.7,0.05,8399249.453528535
0.05,0.7,0.1,8523812.103794096
0.05,0.7,0.15,8355963.954450892
0.05,0.7,0.2,8576034.409957007
0.05,0.7,0.25,8600048.915369073
0.05,0.7,0.3,8737352.77500097
0.05,0.7,0.35,8734825.562334176
0.05,0.7,0.4,8703627.502274403
0.05,0.7,0.45,8826195.372728098
0.05,0.7,0.5,8824737.957612973
0.05,0.7,0.55,8829581.188854607
0.05,0.7,0.6,8886761.532952096
0.05,0.7,0.65,8907196.146473652
0.05,0.7,0.7,8872947.264429223
0.05,0.7,0.75,8886256.00397829
0.05,0.7,0.8,8911882.640367014
0.05,0.7,0.85,8898837.613417739
0.05,0.7,0.9,8997332.652246064
0.05,0.7,0.95,8469003.025779992
0.05,0.7,1.0,8365955.601339024
0.05,0.75,0.05,8489004.397277046
0.05,0.75,0.1,8309031.705998572
0.05,0.75,0.15,8480340.038636232
0.05,0.75,0.2,8479201.218058629
0.05,0.75,0.25,8579686.38484251
0.05,0.75,0.3,8650099.328177635
0.05,0.75,0.35,8724324.14468741
0.05,0.75,0.4,8747952.79638454
0.05,0.75,0.45,8805528.817074021
0.05,0.75,0.5,8830953.689074742
0.05,0.75,0.55,8841729.016183535
0.05,0.75,0.6,8892344.548412884
0.05,0.75,0.65,8877085.89606488
0.05,0.75,0.7,8909127.891176708
0.05,0.75,0.75,8883727.393016145
0.05,0.75,0.8,8885506.396631222
0.05,0.75,0.85,8950183.965745388
0.05,0.75,0.9,8994508.528146379
0.05,0.75,0.95,8494720.945621798
0.05,0.75,1.0,8387571.8745703455
0.05,0.8,0.05,8400430.959089203
0.05,0.8,0.1,8481646.243810914
0.05,0.8,0.15,8502355.134561285
0.05,0.8,0.2,8499551.600275226
0.05,0.8,0.25,8711374.509369472
0.05,0.8,0.3,8629176.161945011
0.05,0.8,0.35,8708847.349928627
0.05,0.8,0.4,8836209.411456686
0.05,0.8,0.45,8735892.665459719
0.05,0.8,0.5,8826724.236947581
0.05,0.8,0.55,8818940.217328
0.05,0.8,0.6,8874706.163350672
0.05,0.8,0.65,8916673.07658695
0.05,0.8,0.7,8923266.531247554
0.05,0.8,0.75,8914206.713618781
0.05,0.8,0.8,8897904.810395816
0.05,0.8,0.85,8952978.785825713
0.05,0.8,0.9,8940137.446248608
0.05,0.8,0.95,8559398.51565585
0.05,0.8,1.0,8401151.336922254
0.05,0.85,0.05,8338449.676551182
0.05,0.85,0.1,8426585.94579379
0.05,0.85,0.15,8408548.299844438
0.05,0.85,0.2,8600101.281335112
0.05,0.85,0.25,8592400.237522548
0.05,0.85,0.3,8667710.113730777
0.05,0.85,0.35,8674944.961424364
0.05,0.85,0.4,8771146.095690612
0.05,0.85,0.45,8770233.154919222
0.05,0.85,0.5,8825972.849035295
0.05,0.85,0.55,8829899.029754486
0.05,0.85,0.6,8853277.704772875
0.05,0.85,0.65,8920761.861337239
0.05,0.85,0.7,8876609.707808029
0.05,0.85,0.75,8932233.112646326
0.05,0.85,0.8,8937207.887238286
0.05,0.85,0.85,8957931.261266448
0.05,0.85,0.9,8963735.67073139
0.05,0.85,0.95,8423505.45220627
0.05,0.85,1.0,8416613.751890631
0.05,0.9,0.05,8379258.540634996
0.05,0.9,0.1,8310515.515810534
0.05,0.9,0.15,8445776.135990093
0.05,0.9,0.2,8486385.621575786
0.05,0.9,0.25,8556592.579329291
0.05,0.9,0.3,8664704.929499825
0.05,0.9,0.35,8667422.54600529
0.05,0.9,0.4,8687061.196893401
0.05,0.9,0.45,8399547.985334048
0.05,0.9,0.5,8861408.959536549
0.05,0.9,0.55,8866336.892592356
0.05,0.9,0.6,8847357.388255969
0.05,0.9,0.65,8863353.795611504
0.05,0.9,0.7,8885965.423870282
0.05,0.9,0.75,8887439.540881641
0.05,0.9,0.8,8923424.949251514
0.05,0.9,0.85,8927454.49618652
0.05,0.9,0.9,8993636.338083183
0.05,0.9,0.95,8492551.739712508
0.05,0.9,1.0,8375821.575495362
0.05,0.95,0.05,8417490.400546644
0.05,0.95,0.1,8433043.188490737
0.05,0.95,0.15,8447652.201231461
0.05,0.95,0.2,8377022.83535265
0.05,0.95,0.25,8589876.39957061
0.05,0.95,0.3,8616796.43409445
0.05,0.95,0.35,8666882.032653926
0.05,0.95,0.4,8740370.480058638
0.05,0.95,0.45,8778976.851827683
0.05,0.95,0.5,8851094.828196572
0.05,0.95,0.55,8898572.28921213
0.05,0.95,0.6,8890747.482579825
0.05,0.95,0.65,8895798.854003767
0.05,0.95,0.7,8886432.1975854
0.05,0.95,0.75,8912038.91723556
0.05,0.95,0.8,8924817.350703921
0.05,0.95,0.85,8946989.528781932
0.05,0.95,0.9,8962675.870031253
0.05,0.95,0.95,8397241.144087257
0.05,0.95,1.0,8429791.830179892
0.05,1.0,0.05,8354255.241098974
0.05,1.0,0.1,8408798.750810277
0.05,1.0,0.15,8469416.508509457
0.05,1.0,0.2,8568406.76667854
0.05,1.0,0.25,8599132.81652875
0.05,1.0,0.3,8666501.559469808
0.05,1.0,0.35,8721779.83355514
0.05,1.0,0.4,8759045.17842596
0.05,1.0,0.45,8825123.28593288
0.05,1.0,0.5,8802974.016057698
0.05,1.0,0.55,8875963.390939595
0.05,1.0,0.6,8939574.804096827
0.05,1.0,0.65,8934952.738113021
0.05,1.0,0.7,8881597.984361526
0.05,1.0,0.75,8898505.613797054
0.05,1.0,0.8,8914553.25495306
0.05,1.0,0.85,8925790.687068796
0.05,1.0,0.9,8935869.005188597
0.05,1.0,0.95,8969953.818160968
0.05,1.0,1.0,8391250.84931326
0.1,0.05,0.05,8321693.753325878
0.1,0.05,0.1,8430932.964844512
0.1,0.05,0.15,8494336.61399496
0.1,0.05,0.2,8494835.976334304
0.1,0.05,0.25,8555192.312042529
0.1,0.05,0.3,8689942.77713442
0.1,0.05,0.35,8609668.063651642
0.1,0.05,0.4,8776253.351730265
0.1,0.05,0.45,8794946.04635593
0.1,0.05,0.5,8808837.512721859
0.1,0.05,0.55,8877787.686288716
0.1,0.05,0.6,8841707.380032398
0.1,0.05,0.65,8855710.336338364
0.1,0.05,0.7,8920550.558019973
0.1,0.05,0.75,8893504.502958162
0.1,0.05,0.8,8918494.09694993
0.1,0.05,0.85,8950663.289039651
0.1,0.05,0.9,8997625.882042866
0.1,0.05,0.95,8987840.449934712
0.1,0.05,1.0,8471096.321083816
0.1,0.1,0.05,8255628.65422418
0.1,0.1,0.1,8493494.219899165
0.1,0.1,0.15,8498432.23612974
0.1,0.1,0.2,8499173.532640778
0.1,0.1,0.25,8544473.821562283
0.1,0.1,0.3,8343743.702004846
0.1,0.1,0.35,8674526.242623016
0.1,0.1,0.4,8714818.852574987
0.1,0.1,0.45,8811072.237325422
0.1,0.1,0.5,8794854.888839819
0.1,0.1,0.55,8879129.815523967
0.1,0.1,0.6,8895126.662404176
0.1,0.1,0.65,8902183.488104621
0.1,0.1,0.7,8880873.868418384
0.1,0.1,0.75,8912052.791698558
0.1,0.1,0.8,8917741.465328895
0.1,0.1,0.85,8913001.733097762
0.1,0.1,0.9,9014405.401765618
0.1,0.1,0.95,8458008.871150851
0.1,0.1,1.0,8447523.032587372
0.1,0.15,0.05,8317281.074850967
0.1,0.15,0.1,8443789.442217086
0.1,0.15,0.15,8529864.976579553
0.1,0.15,0.2,8567712.330727002
0.1,0.15,0.25,8329465.005828692
0.1,0.15,0.3,8697560.623275936
0.1,0.15,0.35,8690272.18559024
0.1,0.15,0.4,8759594.482075727
0.1,0.15,0.45,8829122.68213935
0.1,0.15,0.5,8806692.654872442
0.1,0.15,0.55,8860066.876497898
0.1,0.15,0.6,8874515.83945412
0.1,0.15,0.65,8920354.060584994
0.1,0.15,0.7,8910937.742444104
0.1,0.15,0.75,8926306.74993904
0.1,0.15,0.8,8902312.295160936
0.1,0.15,0.85,8911123.401567899
0.1,0.15,0.9,8926069.181344852
0.1,0.15,0.95,8478304.26008276
0.1,0.15,1.0,8430984.203820497
0.1,0.2,0.05,8419650.819731973
0.1,0.2,0.1,8476373.603797289
0.1,0.2,0.15,8511412.857759863
0.1,0.2,0.2,8483006.181497307
0.1,0.2,0.25,8503808.338760745
0.1,0.2,0.3,8308615.200289833
0.1,0.2,0.35,8690091.40260516
0.1,0.2,0.4,8757434.145857506
0.1,0.2,0.45,8756715.371818574
0.1,0.2,0.5,8795974.72985332
0.1,0.2,0.55,8304179.339868314
0.1,0.2,0.6,8892800.030458175
0.1,0.2,0.65,8881726.53774013
0.1,0.2,0.7,8903679.664100923
0.1,0.2,0.75,8917562.730825527
0.1,0.2,0.8,8928967.553424913
0.1,0.2,0.85,8957716.013734903
0.1,0.2,0.9,8962008.918566221
0.1,0.2,0.95,8407605.700242208
0.1,0.2,1.0,8402441.554124806
0.1,0.25,0.05,8374950.867524516
0.1,0.25,0.1,8449059.336798059
0.1,0.25,0.15,8450457.6255651
0.1,0.25,0.2,8604119.965666562
0.1,0.25,0.25,8558919.31484301
0.1,0.25,0.3,8652804.10082889
0.1,0.25,0.35,8742746.881436763
0.1,0.25,0.4,8779417.042886846
0.1,0.25,0.45,8780697.816097515
0.1,0.25,0.5,8780848.526420152
0.1,0.25,0.55,8836767.063169101
0.1,0.25,0.6,8896408.193779035
0.1,0.25,0.65,8871001.556129498
0.1,0.25,0.7,8881133.35764929
0.1,0.25,0.75,8897508.672428148
0.1,0.25,0.8,8936450.02500529
0.1,0.25,0.85,8951084.366324795
0.1,0.25,0.9,8958642.587697458
0.1,0.25,0.95,8417720.168917123
0.1,0.25,1.0,8427103.588553818
0.1,0.3,0.05,8442863.386123283
0.1,0.3,0.1,8401731.436981577
0.1,0.3,0.15,8463942.72845431
0.1,0.3,0.2,8541438.907412248
0.1,0.3,0.25,8620607.442956533
0.1,0.3,0.3,8602989.869310075
0.1,0.3,0.35,8688053.783225672
0.1,0.3,0.4,8714828.73253934
0.1,0.3,0.45,8832702.149788437
0.1,0.3,0.5,8870832.044056138
0.1,0.3,0.55,8830445.780427173
0.1,0.3,0.6,8915550.173113465
0.1,0.3,0.65,8908441.627816724
0.1,0.3,0.7,8911100.711625997
0.1,0.3,0.75,8904566.81243721
0.1,0.3,0.8,8896795.200899653
0.1,0.3,0.85,8920207.512930997
0.1,0.3,0.9,8951397.030388448
0.1,0.3,0.95,8537330.888259236
0.1,0.3,1.0,8446196.575725662
0.1,0.35,0.05,8257430.073569711
0.1,0.35,0.1,8443280.045124246
0.1,0.35,0.15,8448036.861615222
0.1,0.35,0.2,8586323.086585497
0.1,0.35,0.25,8562466.075139118
0.1,0.35,0.3,8686849.37217362
0.1,0.35,0.35,8602931.81540933
0.1,0.35,0.4,8718441.4335085
0.1,0.35,0.45,8815040.068366569
0.1,0.35,0.5,8815378.505848058
0.1,0.35,0.55,8840418.63786301
0.1,0.35,0.6,8864635.659575757
0.1,0.35,0.65,8911927.36641441
0.1,0.35,0.7,8879322.481778352
0.1,0.35,0.75,8903240.30849587
0.1,0.35,0.8,8915327.247070365
0.1,0.35,0.85,8956591.055386957
0.1,0.35,0.9,8975373.765192857
0.1,0.35,0.95,8464514.285964247
0.1,0.35,1.0,8386833.222852925
0.1,0.4,0.05,8416554.747445237
0.1,0.4,0.1,8395249.005638458
0.1,0.4,0.15,8457950.146452693
0.1,0.4,0.2,8606114.821795966
0.1,0.4,0.25,8645998.07919624
0.1,0.4,0.3,8631202.174409535
0.1,0.4,0.35,8687305.517329952
0.1,0.4,0.4,8369176.631925638
0.1,0.4,0.45,8823409.494173981
0.1,0.4,0.5,8798794.74880982
0.1,0.4,0.55,8833134.871785775
0.1,0.4,0.6,8850560.006250046
0.1,0.4,0.65,8870270.746686772
0.1,0.4,0.7,8914201.982101759
0.1,0.4,0.75,8911491.427849047
0.1,0.4,0.8,8910431.006849477
0.1,0.4,0.85,8933963.477136474
0.1,0.4,0.9,8994955.951513777
0.1,0.4,0.95,8535118.172637934
0.1,0.4,1.0,8377578.666296914
0.1,0.45,0.05,8435453.697266286
0.1,0.45,0.1,8405546.244360985
0.1,0.45,0.15,8276634.596892046
0.1,0.45,0.2,8544956.972775934
0.1,0.45,0.25,8521640.8360844
0.1,0.45,0.3,8691273.629350955
0.1,0.45,0.35,8755006.856182322
0.1,0.45,0.4,8708962.575646324
0.1,0.45,0.45,8792769.481145952
0.1,0.45,0.5,8812530.607709777
0.1,0.45,0.55,8853532.785539344
0.1,0.45,0.6,8903114.852182614
0.1,0.45,0.65,8875435.943418954
0.1,0.45,0.7,8899816.353122558
0.1,0.45,0.75,8902856.042759532
0.1,0.45,0.8,8892523.385096667
0.1,0.45,0.85,8940815.210752692
0.1,0.45,0.9,8982811.256291166
0.1,0.45,0.95,8390235.015898468
0.1,0.45,1.0,8393777.197587958
0.1,0.5,0.05,8376429.424585065
0.1,0.5,0.1,8521318.137233246
0.1,0.5,0.15,8519062.386880122
0.1,0.5,0.2,8571850.17058822
0.1,0.5,0.25,8578424.721190426
0.1,0.5,0.3,8573969.173356168
0.1,0.5,0.35,8572496.555742921
0.1,0.5,0.4,8735322.1505207
0.1,0.5,0.45,8751017.25600708
0.1,0.5,0.5,8860920.952764537
0.1,0.5,0.55,8834719.02947222
0.1,0.5,0.6,8872023.758225448
0.1,0.5,0.65,8865354.263397481
0.1,0.5,0.7,8918369.669965984
0.1,0.5,0.75,8934176.731763955
0.1,0.5,0.8,8934604.93382797
0.1,0.5,0.85,8947900.489178453
0.1,0.5,0.9,8964197.399875354
0.1,0.5,0.95,8410223.23806437
0.1,0.5,1.0,8402130.75833587
0.1,0.55,0.05,8416435.964362279
0.1,0.55,0.1,8497529.179596422
0.1,0.55,0.15,8359308.886648467
0.1,0.55,0.2,8572225.435920037
0.1,0.55,0.25,8571901.35175078
0.1,0.55,0.3,8382877.159967892
0.1,0.55,0.35,8698826.079383822
0.1,0.55,0.4,8667751.72675795
0.1,0.55,0.45,8743845.806262936
0.1,0.55,0.5,8799821.324014792
0.1,0.55,0.55,8877779.415332396
0.1,0.55,0.6,8841694.73259312
0.1,0.55,0.65,8884500.57635003
0.1,0.55,0.7,8922717.827828905
0.1,0.55,0.75,8928692.459770152
0.1,0.55,0.8,8922765.781568795
0.1,0.55,0.85,8909504.993738327
0.1,0.55,0.9,8936944.764123464
0.1,0.55,0.95,8441507.415484844
0.1,0.55,1.0,8383286.362319683
0.1,0.6,0.05,8427417.59777088
0.1,0.6,0.1,8397140.650240459
0.1,0.6,0.15,8475325.467587896
0.1,0.6,0.2,8587506.726257313
0.1,0.6,0.25,8589458.746310253
0.1,0.6,0.3,8682266.817726001
0.1,0.6,0.35,8738789.10505965
0.1,0.6,0.4,8797773.209318757
0.1,0.6,0.45,8794622.48797409
0.1,0.6,0.5,8824252.91021669
0.1,0.6,0.55,8869098.33046338
0.1,0.6,0.6,8899351.698971203
0.1,0.6,0.65,8912190.410064269
0.1,0.6,0.7,8900588.75801267
0.1,0.6,0.75,8890219.933024393
0.1,0.6,0.8,8918171.098468466
0.1,0.6,0.85,8913746.971865693
0.1,0.6,0.9,8954526.234341882
0.1,0.6,0.95,8449796.991975365
0.1,0.6,1.0,8399402.593418416
0.1,0.65,0.05,8405902.385926371
0.1,0.65,0.1,8359216.167054796
0.1,0.65,0.15,8561488.110210001
0.1,0.65,0.2,8305686.148840525
0.1,0.65,0.25,8654199.904450672
0.1,0.65,0.3,8342278.724230589
0.1,0.65,0.35,8646794.54257509
0.1,0.65,0.4,8788373.427265171
0.1,0.65,0.45,8770648.868935356
0.1,0.65,0.5,8817646.233994793
0.1,0.65,0.55,8890690.973354561
0.1,0.65,0.6,8862378.453095574
0.1,0.65,0.65,8861195.070837107
0.1,0.65,0.7,8861715.784887167
0.1,0.65,0.75,8892724.342495678
0.1,0.65,0.8,8906729.884962184
0.1,0.65,0.85,8902978.047591215
0.1,0.65,0.9,8947946.842249505
0.1,0.65,0.95,8457677.328674
0.1,0.65,1.0,8410780.61465898
0.1,0.7,0.05,8416714.519696448
0.1,0.7,0.1,8383771.897378404
0.1,0.7,0.15,8517680.977950681
0.1,0.7,0.2,8552176.952184087
0.1,0.7,0.25,8524210.86996625
0.1,0.7,0.3,8579061.345032718
0.1,0.7,0.35,8732343.390007053
0.1,0.7,0.4,8723872.572761953
0.1,0.7,0.45,8795609.128168974
0.1,0.7,0.5,8768446.374776715
0.1,0.7,0.55,8858410.984897064
0.1,0.7,0.6,8882118.972386867
0.1,0.7,0.65,8893517.04679654
0.1,0.7,0.7,8859324.200806148
0.1,0.7,0.75,8915721.240001433
0.1,0.7,0.8,8910669.446923614
0.1,0.7,0.85,8931280.337383425
0.1,0.7,0.9,8960953.837621357
0.1,0.7,0.95,8394597.26166451
0.1,0.7,1.0,8411686.7257103
0.1,0.75,0.05,8324584.469019577
0.1,0.75,0.1,8477770.324739432
0.1,0.75,0.15,8451288.487483261
0.1,0.75,0.2,8564142.93186077
0.1,0.75,0.25,8346411.524297872
0.1,0.75,0.3,8536587.20570946
0.1,0.75,0.35,8681251.616935605
0.1,0.75,0.4,8707580.688649852
0.1,0.75,0.45,8769699.700601783
0.1,0.75,0.5,8705325.988802722
0.1,0.75,0.55,8816591.074820327
0.1,0.75,0.6,8862325.782080434
0.1,0.75,0.65,8925212.864368638
0.1,0.75,0.7,8899593.219963845
0.1,0.75,0.75,8915090.61470809
0.1,0.75,0.8,8942171.375279624
0.1,0.75,0.85,8926873.332683165
0.1,0.75,0.9,8985430.709012568
0.1,0.75,0.95,8438450.567336317
0.1,0.75,1.0,8366222.140770115
0.1,0.8,0.05,8466689.947865997
0.1,0.8,0.1,8394687.32255682
0.1,0.8,0.15,8461693.651360309
0.1,0.8,0.2,8632272.675766053
0.1,0.8,0.25,8585174.589962333
0.1,0.8,0.3,8681569.827407164
0.1,0.8,0.35,8693818.418117598
0.1,0.8,0.4,8693367.333674882
0.1,0.8,0.45,8710184.439274522
0.1,0.8,0.5,8852788.225702085
0.1,0.8,0.55,8840820.823100539
0.1,0.8,0.6,8821305.666542783
0.1,0.8,0.65,8874436.23306897
0.1,0.8,0.7,8883942.190029258
0.1,0.8,0.75,8884028.113293458
0.1,0.8,0.8,8930227.575357134
0.1,0.8,0.85,8920476.610085847
0.1,0.8,0.9,8992672.943728518
0.1,0.8,0.95,8401827.836721702
0.1,0.8,1.0,8361788.469132181
0.1,0.85,0.05,8343100.659540841
0.1,0.85,0.1,8351377.724108799
0.1,0.85,0.15,8432750.807040554
0.1,0.85,0.2,8542297.46891592
0.1,0.85,0.25,8650356.698220162
0.1,0.85,0.3,8642833.967655076
0.1,0.85,0.35,8696436.280530475
0.1,0.85,0.4,8690126.130722372
0.1,0.85,0.45,8722366.963818138
0.1,0.85,0.5,8853798.858941507
0.1,0.85,0.55,8872339.102056688
0.1,0.85,0.6,8887261.14499799
0.1,0.85,0.65,8460724.98758585
0.1,0.85,0.7,8903125.18402012
0.1,0.85,0.75,8929985.520052677
0.1,0.85,0.8,8936002.38697785
0.1,0.85,0.85,8929438.167663826
0.1,0.85,0.9,8996771.544389553
0.1,0.85,0.95,8466888.293872828
0.1,0.85,1.0,8401763.02369984
0.1,0.9,0.05,8445669.885951972
0.1,0.9,0.1,8473589.441970814
0.1,0.9,0.15,8578687.301190028
0.1,0.9,0.2,8607090.309778314
0.1,0.9,0.25,8613020.777576137
0.1,0.9,0.3,8537812.185508246
0.1,0.9,0.35,8730865.545724118
0.1,0.9,0.4,8694379.323855378
0.1,0.9,0.45,8750299.875626437
0.1,0.9,0.5,8808096.996090816
0.1,0.9,0.55,8849856.746820863
0.1,0.9,0.6,8894020.224771623
0.1,0.9,0.65,8903444.713174518
0.1,0.9,0.7,8885344.339998074
0.1,0.9,0.75,8912788.792940821
0.1,0.9,0.8,8905764.758977646
0.1,0.9,0.85,8935562.82726292
0.1,0.9,0.9,8954385.77201534
0.1,0.9,0.95,8394895.79609641
0.1,0.9,1.0,8381062.660543764
0.1,0.95,0.05,8403203.424935287
0.1,0.95,0.1,8510790.943111738
0.1,0.95,0.15,8501577.994251613
0.1,0.95,0.2,8488211.87727673
0.1,0.95,0.25,8552463.523787966
0.1,0.95,0.3,8679015.299973361
0.1,0.95,0.35,8625534.414999207
0.1,0.95,0.4,8781016.511342801
0.1,0.95,0.45,8785317.981052192
0.1,0.95,0.5,8806552.230544824
0.1,0.95,0.55,8854835.637249773
0.1,0.95,0.6,8879921.67257822
0.1,0.95,0.65,8885988.431862168
0.1,0.95,0.7,8939322.057824757
0.1,0.95,0.75,8916069.66802415
0.1,0.95,0.8,8952968.498993877
0.1,0.95,0.85,8923626.659020618
0.1,0.95,0.9,8962012.533342931
0.1,0.95,0.95,9038071.18412421
0.1,0.95,1.0,8405608.884378346
0.1,1.0,0.05,8483150.313439377
0.1,1.0,0.1,8471158.695929438
0.1,1.0,0.15,8402514.50945853
0.1,1.0,0.2,8555485.388080029
0.1,1.0,0.25,8622869.294623638
0.1,1.0,0.3,8617088.476198455
0.1,1.0,0.35,8682026.753668379
0.1,1.0,0.4,8749549.26511443
0.1,1.0,0.45,8811476.41823307
0.1,1.0,0.5,8875250.213855648
0.1,1.0,0.55,8829859.027727662
0.1,1.0,0.6,8847227.350279327
0.1,1.0,0.65,8889240.214679651
0.1,1.0,0.7,8884540.049117006
0.1,1.0,0.75,8913092.528988076
0.1,1.0,0.8,8911021.09731855
0.1,1.0,0.85,8951441.001519408
0.1,1.0,0.9,8987308.007030575
0.1,1.0,0.95,8374549.889087962
0.1,1.0,1.0,8378528.535779022
0.15,0.05,0.05,8304182.332843673
0.15,0.05,0.1,7361110.330398623
0.15,0.05,0.15,8527236.01309181
0.15,0.05,0.2,8494998.067291152
0.15,0.05,0.25,7514080.344689654
0.15,0.05,0.3,8623777.435842095
0.15,0.05,0.35,8684768.847585412
0.15,0.05,0.4,8290418.059675341
0.15,0.05,0.45,8836802.28224666
0.15,0.05,0.5,8806483.572304305
0.15,0.05,0.55,8859595.304941209
0.15,0.05,0.6,8868768.111517118
0.15,0.05,0.65,8907148.800532432
0.15,0.05,0.7,8913678.045233551
0.15,0.05,0.75,8892318.059029667
0.15,0.05,0.8,8672176.012770507
0.15,0.05,0.85,8963801.345239203
0.15,0.05,0.9,8976887.879676092
0.15,0.05,0.95,9014385.844978176
0.15,0.05,1.0,8480866.487011686
0.15,0.1,0.05,8378572.093858181
0.15,0.1,0.1,8499242.715387756
0.15,0.1,0.15,8331972.040997157
0.15,0.1,0.2,8638619.606016738
0.15,0.1,0.25,8514915.377837881
0.15,0.1,0.3,8677197.95896403
0.15,0.1,0.35,8683006.681831999
0.15,0.1,0.4,8712632.785963116
0.15,0.1,0.45,8730170.85508434
0.15,0.1,0.5,8831511.256876888
0.15,0.1,0.55,8893288.782202512
0.15,0.1,0.6,8865175.457494905
0.15,0.1,0.65,8886643.564063415
0.15,0.1,0.7,8897887.892278282
0.15,0.1,0.75,8895962.502835186
0.15,0.1,0.8,8916520.704485144
0.15,0.1,0.85,8917086.467036631
0.15,0.1,0.9,8953780.82142786
0.15,0.1,0.95,9021424.360869605
0.15,0.1,1.0,8429224.619018296
0.15,0.15,0.05,8389977.651301727
0.15,0.15,0.1,8452179.97755959
0.15,0.15,0.15,8494379.627464496
0.15,0.15,0.2,8425276.75075845
0.15,0.15,0.25,8600984.154361311
0.15,0.15,0.3,8656666.368398787
0.15,0.15,0.35,8670314.137980279
0.15,0.15,0.4,8752718.525669783
0.15,0.15,0.45,8741935.18611169
0.15,0.15,0.5,8825844.883241337
0.15,0.15,0.55,8863278.912584053
0.15,0.15,0.6,8882496.93424455
0.15,0.15,0.65,8890595.547263421
0.15,0.15,0.7,8939920.731424475
0.15,0.15,0.75,8915436.45385101
0.15,0.15,0.8,8941610.423314828
0.15,0.15,0.85,8943506.149688067
0.15,0.15,0.9,8993130.720348878
0.15,0.15,0.95,8492094.714649014
0.15,0.15,1.0,8417785.40952706
0.15,0.2,0.05,8377854.309887998
0.15,0.2,0.1,8346301.219144597
0.15,0.2,0.15,8322449.869262446
0.15,0.2,0.2,7466641.409566794
0.15,0.2,0.25,8547266.795530135
0.15,0.2,0.3,8599546.098926183
0.15,0.2,0.35,8658260.408361016
0.15,0.2,0.4,8776781.566248886
0.15,0.2,0.45,8786278.237532293
0.15,0.2,0.5,8821749.422293143
0.15,0.2,0.55,8855987.592828803
0.15,0.2,0.6,8883909.14860107
0.15,0.2,0.65,8908808.045057466
0.15,0.2,0.7,8900758.874183081
0.15,0.2,0.75,8904046.534725733
0.15,0.2,0.8,8938998.902413022
0.15,0.2,0.85,8915872.61382235
0.15,0.2,0.9,8987033.645388858
0.15,0.2,0.95,8477633.74287929
0.15,0.2,1.0,8436046.626048092
0.15,0.25,0.05,8358004.729088943
0.15,0.25,0.1,8373671.97853138
0.15,0.25,0.15,8554376.455977716
0.15,0.25,0.2,8476908.583768964
0.15,0.25,0.25,8567792.9599077
0.15,0.25,0.3,8662965.587735066
0.15,0.25,0.35,8673527.647401238
0.15,0.25,0.4,8356359.712779377
0.15,0.25,0.45,8800569.235719036
0.15,0.25,0.5,8819819.682254782
0.15,0.25,0.55,8846888.016964162
0.15,0.25,0.6,8840814.89776713
0.15,0.25,0.65,8915991.457428053
0.15,0.25,0.7,8933270.362264311
0.15,0.25,0.75,8912045.86636405
0.15,0.25,0.8,8847577.912882363
0.15,0.25,0.85,8965601.087233681
0.15,0.25,0.9,9032091.808067499
0.15,0.25,0.95,8500912.79807129
0.15,0.25,1.0,8389188.267015878
0.15,0.3,0.05,8467275.860782506
0.15,0.3,0.1,8459388.672081184
0.15,0.3,0.15,8518789.838252636
0.15,0.3,0.2,8369410.188401714
0.15,0.3,0.25,8537775.5042674
0.15,0.3,0.3,8634110.193667486
0.15,0.3,0.35,8616497.121206734
0.15,0.3,0.4,8728442.69466204
0.15,0.3,0.45,8691107.610748
0.15,0.3,0.5,8828717.946881257
0.15,0.3,0.55,8840162.72740291
0.15,0.3,0.6,8849807.041335166
0.15,0.3,0.65,8868865.99266951
0.15,0.3,0.7,8911222.947715344
0.15,0.3,0.75,8949764.739262838
0.15,0.3,0.8,8909318.405696308
0.15,0.3,0.85,8938139.134855224
0.15,0.3,0.9,8969589.333648164
0.15,0.3,0.95,8511540.26340089
0.15,0.3,1.0,8431272.579788506
0.15,0.35,0.05,8469618.126971269
0.15,0.35,0.1,8452768.318811392
0.15,0.35,0.15,8477384.183019206
0.15,0.35,0.2,8467364.347267332
0.15,0.35,0.25,8419019.169976506
0.15,0.35,0.3,8564829.715217723
0.15,0.35,0.35,8675035.721396025
0.15,0.35,0.4,8706890.078092664
0.15,0.35,0.45,8795351.389581284
0.15,0.35,0.5,8853065.099513981
0.15,0.35,0.55,8876155.248882376
0.15,0.35,0.6,8866329.904602394
0.15,0.35,0.65,8882411.56926696
0.15,0.35,0.7,8926223.116077192
0.15,0.35,0.75,8848829.422860758
0.15,0.35,0.8,8896458.1510029
0.15,0.35,0.85,8925036.785158755
0.15,0.35,0.9,9006116.056633495
0.15,0.35,0.95,8434411.153578378
0.15,0.35,1.0,8371744.262509871
0.15,0.4,0.05,8319351.4357275935
0.15,0.4,0.1,8540417.484249795
0.15,0.4,0.15,7417746.4002021495
0.15,0.4,0.2,8305574.8995337095
0.15,0.4,0.25,8673666.9254193
0.15,0.4,0.3,8612281.015421063
0.15,0.4,0.35,8746074.48673977
0.15,0.4,0.4,8778307.172399636
0.15,0.4,0.45,8796085.07233578
0.15,0.4,0.5,8835602.478104439
0.15,0.4,0.55,8862075.789905528
0.15,0.4,0.6,8847657.126787173
0.15,0.4,0.65,8911423.315636095
0.15,0.4,0.7,8894017.486795455
0.15,0.4,0.75,8910486.081266921
0.15,0.4,0.8,8904347.922157642
0.15,0.4,0.85,8940060.442418564
0.15,0.4,0.9,8983473.34352374
0.15,0.4,0.95,8413227.866685575
0.15,0.4,1.0,8405002.590527413
0.15,0.45,0.05,8407961.592107648
0.15,0.45,0.1,8373719.358692989
0.15,0.45,0.15,8571942.786707107
0.15,0.45,0.2,8517026.633273989
0.15,0.45,0.25,8358880.754758574
0.15,0.45,0.3,8670039.82264271
0.15,0.45,0.35,8668263.207752645
0.15,0.45,0.4,8749396.268905092
0.15,0.45,0.45,8745975.59250927
0.15,0.45,0.5,8805735.10102245
0.15,0.45,0.55,8841645.350232465
0.15,0.45,0.6,8858450.402216718
0.15,0.45,0.65,8848438.379521478
0.15,0.45,0.7,8903266.0205747
0.15,0.45,0.75,8899611.25571318
0.15,0.45,0.8,8922488.54162878
0.15,0.45,0.85,8978508.088709658
0.15,0.45,0.9,8992096.410994917
0.15,0.45,0.95,8439265.396197308
0.15,0.45,1.0,8403961.200819423
0.15,0.5,0.05,8389130.573528657
0.15,0.5,0.1,8438463.2864702
0.15,0.5,0.15,8529669.441287886
0.15,0.5,0.2,8295399.87822547
0.15,0.5,0.25,8416943.4693124
0.15,0.5,0.3,8648298.72815151
0.15,0.5,0.35,8693062.437195878
0.15,0.5,0.4,8745856.705993943
0.15,0.5,0.45,8735074.291166453
0.15,0.5,0.5,8854919.248922624
0.15,0.5,0.55,8857237.352102507
0.15,0.5,0.6,8822877.493602708
0.15,0.5,0.65,8913168.856262045
0.15,0.5,0.7,8901239.06539261
0.15,0.5,0.75,8914736.392794956
0.15,0.5,0.8,8943185.754724037
0.15,0.5,0.85,8949363.171873573
0.15,0.5,0.9,8974632.584179766
0.15,0.5,0.95,8417685.720475769
0.15,0.5,1.0,8356515.590027452
0.15,0.55,0.05,8473992.185133236
0.15,0.55,0.1,8282844.765880326
0.15,0.55,0.15,8467349.313592494
0.15,0.55,0.2,8513978.247607198
0.15,0.55,0.25,8525921.833777934
0.15,0.55,0.3,8365360.541326692
0.15,0.55,0.35,8697159.5439565
0.15,0.55,0.4,8700168.254667386
0.15,0.55,0.45,8806322.088969275
0.15,0.55,0.5,8775998.707522241
0.15,0.55,0.55,8863981.420185473
0.15,0.55,0.6,8839373.20865428
0.15,0.55,0.65,8890076.732183352
0.15,0.55,0.7,8870275.250546029
0.15,0.55,0.75,8908567.070838686
0.15,0.55,0.8,8918625.21935307
0.15,0.55,0.85,8943384.300160937
0.15,0.55,0.9,8960306.372028349
0.15,0.55,0.95,8494096.745895952
0.15,0.55,1.0,8393061.351371458
0.15,0.6,0.05,8433355.697286366
0.15,0.6,0.1,8469360.392280404
0.15,0.6,0.15,8446872.367031451
0.15,0.6,0.2,8502921.480675455
0.15,0.6,0.25,8588553.953527441
0.15,0.6,0.3,8583048.34058324
0.15,0.6,0.35,8682753.145974884
0.15,0.6,0.4,8702249.625017583
0.15,0.6,0.45,8800851.254336916
0.15,0.6,0.5,8848155.99480884
0.15,0.6,0.55,8820914.589875458
0.15,0.6,0.6,8834495.66365341
0.15,0.6,0.65,8863884.458640212
0.15,0.6,0.7,8897271.598340686
0.15,0.6,0.75,8910989.245769678
0.15,0.6,0.8,8925629.003320597
0.15,0.6,0.85,8967350.59686492
0.15,0.6,0.9,8977517.663814
0.15,0.6,0.95,8445420.815279854
0.15,0.6,1.0,8397118.609413024
0.15,0.65,0.05,8469831.289374506
0.15,0.65,0.1,8517500.65730932
0.15,0.65,0.15,8515309.048283964
0.15,0.65,0.2,8571447.807532215
0.15,0.65,0.25,8578137.42772802
0.15,0.65,0.3,8640049.291601937
0.15,0.65,0.35,8681774.34760163
0.15,0.65,0.4,8741358.253501106
0.15,0.65,0.45,8804935.68136115
0.15,0.65,0.5,8791373.036412941
0.15,0.65,0.55,8846018.10961042
0.15,0.65,0.6,8825634.817232708
0.15,0.65,0.65,8908205.18507801
0.15,0.65,0.7,8898828.538247574
0.15,0.65,0.75,8909868.89619889
0.15,0.65,0.8,8933115.8033674
0.15,0.65,0.85,8902714.578468151
0.15,0.65,0.9,9030625.13360495
0.15,0.65,0.95,8416510.483807832
0.15,0.65,1.0,8363939.543828612
0.15,0.7,0.05,8447998.672252372
0.15,0.7,0.1,8523853.509734655
0.15,0.7,0.15,8341241.338507344
0.15,0.7,0.2,8569038.262888074
0.15,0.7,0.25,8500943.016063271
0.15,0.7,0.3,8713202.13269864
0.15,0.7,0.35,8672155.672203168
0.15,0.7,0.4,8738264.028746188
0.15,0.7,0.45,8797231.855888309
0.15,0.7,0.5,8856722.922294177
0.15,0.7,0.55,8853533.048497008
0.15,0.7,0.6,8880073.067104565
0.15,0.7,0.65,8892248.248231035
0.15,0.7,0.7,8856887.390763646
0.15,0.7,0.75,8922970.389469145
0.15,0.7,0.8,8955572.969910009
0.15,0.7,0.85,8937503.393909574
0.15,0.7,0.9,8981669.529570602
0.15,0.7,0.95,8375148.356129028
0.15,0.7,1.0,8370093.6914441595
0.15,0.75,0.05,8451947.985199124
0.15,0.75,0.1,8438111.886564983
0.15,0.75,0.15,8498374.20510837
0.15,0.75,0.2,8464462.314573677
0.15,0.75,0.25,8570591.073252706
0.15,0.75,0.3,8660280.737115633
0.15,0.75,0.35,8733246.466942567
0.15,0.75,0.4,8736600.524174143
0.15,0.75,0.45,8771720.715928346
0.15,0.75,0.5,8807664.025213735
0.15,0.75,0.55,8835464.933967581
0.15,0.75,0.6,8845157.120130375
0.15,0.75,0.65,8919015.785811614
0.15,0.75,0.7,8936356.380652864
0.15,0.75,0.75,8921834.585897546
0.15,0.75,0.8,8876953.286035635
0.15,0.75,0.85,8924610.303347751
0.15,0.75,0.9,9003625.287032716
0.15,0.75,0.95,8397124.690631272
0.15,0.75,1.0,8396822.851928845
0.15,0.8,0.05,8433419.367380647
0.15,0.8,0.1,8404818.35251692
0.15,0.8,0.15,8446932.340616586
0.15,0.8,0.2,8544744.689990528
0.15,0.8,0.25,8578831.859652277
0.15,0.8,0.3,8604204.66121034
0.15,0.8,0.35,8731992.724718744
0.15,0.8,0.4,8740417.511354985
0.15,0.8,0.45,8413125.729594033
0.15,0.8,0.5,8852070.561719092
0.15,0.8,0.55,8834529.44362165
0.15,0.8,0.6,8838844.535630297
0.15,0.8,0.65,8904123.993982382
0.15,0.8,0.7,8902021.894160349
0.15,0.8,0.75,8926412.298641108
0.15,0.8,0.8,8936139.0119045
0.15,0.8,0.85,8941577.129462803
0.15,0.8,0.9,9026576.930988943
0.15,0.8,0.95,8421922.812106954
0.15,0.8,1.0,8418788.274888339
0.15,0.85,0.05,8570963.62197767
0.15,0.85,0.1,8493558.180908605
0.15,0.85,0.15,8628815.97288089
0.15,0.85,0.2,8522946.22566478
0.15,0.85,0.25,8563935.081044443
0.15,0.85,0.3,8628824.800358193
0.15,0.85,0.35,8673822.474535057
0.15,0.85,0.4,8719568.295723163
0.15,0.85,0.45,8769861.860805275
0.15,0.85,0.5,8830103.825424135
0.15,0.85,0.55,8852521.348808726
0.15,0.85,0.6,8851125.390950618
0.15,0.85,0.65,8893459.054143906
0.15,0.85,0.7,8889993.009182697
0.15,0.85,0.75,8912098.384768883
0.15,0.85,0.8,8936128.39366661
0.15,0.85,0.85,8939485.785575958
0.15,0.85,0.9,9026441.884462705
0.15,0.85,0.95,8419170.805261746
0.15,0.85,1.0,8372979.44220804
0.15,0.9,0.05,8468592.771884214
0.15,0.9,0.1,8426972.582777478
0.15,0.9,0.15,8588912.043970317
0.15,0.9,0.2,8506774.80286014
0.15,0.9,0.25,8605435.678267943
0.15,0.9,0.3,8701437.392598668
0.15,0.9,0.35,8733912.248098036
0.15,0.9,0.4,8769353.178966489
0.15,0.9,0.45,8763543.955868848
0.15,0.9,0.5,8869901.864628717
0.15,0.9,0.55,8829011.353446791
0.15,0.9,0.6,8858511.508725693
0.15,0.9,0.65,8873157.874824181
0.15,0.9,0.7,8904193.852399314
0.15,0.9,0.75,8905429.72331582
0.15,0.9,0.8,8955439.361487202
0.15,0.9,0.85,8944996.692516334
0.15,0.9,0.9,9015871.582684338
0.15,0.9,0.95,8371637.695841065
0.15,0.9,1.0,8378689.839831258
0.15,0.95,0.05,8466928.790423378
0.15,0.95,0.1,8378008.6262934515
0.15,0.95,0.15,8494492.629566537
0.15,0.95,0.2,8372154.2810744755
0.15,0.95,0.25,8532746.328476137
0.15,0.95,0.3,8372413.687177677
0.15,0.95,0.35,8719440.409002492
0.15,0.95,0.4,8742014.395499183
0.15,0.95,0.45,8751189.0779932
0.15,0.95,0.5,8835188.597469896
0.15,0.95,0.55,8841983.510515824
0.15,0.95,0.6,8850062.308251293
0.15,0.95,0.65,8903095.513485335
0.15,0.95,0.7,8888260.147413947
0.15,0.95,0.75,8907733.016766991
0.15,0.95,0.8,8569926.19899697
0.15,0.95,0.85,8911538.216023609
0.15,0.95,0.9,8956589.807594035
0.15,0.95,0.95,8354941.060120107
0.15,0.95,1.0,8358819.055845348
0.15,1.0,0.05,8485992.306344138
0.15,1.0,0.1,8519410.1424912
0.15,1.0,0.15,8580723.39870315
0.15,1.0,0.2,8530320.693386111
0.15,1.0,0.25,8603059.05763492
0.15,1.0,0.3,8637311.34745513
0.15,1.0,0.35,8707932.449987842
0.15,1.0,0.4,8623517.009618344
0.15,1.0,0.45,8776340.673273068
0.15,1.0,0.5,8831454.10994671
0.15,1.0,0.55,8868987.348729774
0.15,1.0,0.6,8886196.744745743
0.15,1.0,0.65,8867611.518352864
0.15,1.0,0.7,8882335.578750554
0.15,1.0,0.75,8922679.039971385
0.15,1.0,0.8,8924666.554766469
0.15,1.0,0.85,8944126.366753956
0.15,1.0,0.9,8987742.814598901
0.15,1.0,0.95,8343686.1138695385
0.15,1.0,1.0,8362248.15079523
0.2,0.05,0.05,7390115.376151096
0.2,0.05,0.1,8389837.02292315
0.2,0.05,0.15,8524850.922325525
0.2,0.05,0.2,8544452.217509208
0.2,0.05,0.25,8569353.607771177
0.2,0.05,0.3,8458863.317801131
0.2,0.05,0.35,8698395.342082715
0.2,0.05,0.4,8744633.048651021
0.2,0.05,0.45,8761454.191716643
0.2,0.05,0.5,8820716.596887942
0.2,0.05,0.55,8818699.827365436
0.2,0.05,0.6,8836974.012308221
0.2,0.05,0.65,8918793.975194292
0.2,0.05,0.7,8898233.056580653
0.2,0.05,0.75,8900060.310290568
0.2,0.05,0.8,8918441.947886098
0.2,0.05,0.85,8915562.502749357
0.2,0.05,0.9,8957754.820005653
0.2,0.05,0.95,8570907.327715402
0.2,0.05,1.0,8457111.449026348
0.2,0.1,0.05,8370782.695278558
0.2,0.1,0.1,8351806.064184709
0.2,0.1,0.15,8474677.435685076
0.2,0.1,0.2,8501196.779961698
0.2,0.1,0.25,8549403.278364532
0.2,0.1,0.3,8651798.426823754
0.2,0.1,0.35,8765847.610520482
0.2,0.1,0.4,8652326.407332368
0.2,0.1,0.45,8772293.414768849
0.2,0.1,0.5,8798402.008626325
0.2,0.1,0.55,8846053.257879015
0.2,0.1,0.6,8875508.810765566
0.2,0.1,0.65,8877150.56804404
0.2,0.1,0.7,8918511.915127795
0.2,0.1,0.75,8897352.326263584
0.2,0.1,0.8,8910151.49077506
0.2,0.1,0.85,8949640.142287027
0.2,0.1,0.9,8969262.973745247
0.2,0.1,0.95,8448059.179893538
0.2,0.1,1.0,8413989.996117527
0.2,0.15,0.05,8314988.450315916
0.2,0.15,0.1,8365508.173590399
0.2,0.15,0.15,8566710.222058192
0.2,0.15,0.2,8620370.743585177
0.2,0.15,0.25,8583137.428836832
0.2,0.15,0.3,8542229.061957428
0.2,0.15,0.35,8700874.190851305
0.2,0.15,0.4,8736877.224676246
0.2,0.15,0.45,8369932.86828766
0.2,0.15,0.5,8819820.1239276
0.2,0.15,0.55,8811832.566778777
0.2,0.15,0.6,8871892.766646212
0.2,0.15,0.65,8853931.346582511
0.2,0.15,0.7,8937653.672300661
0.2,0.15,0.75,8931396.247064613
0.2,0.15,0.8,8919902.401191536
0.2,0.15,0.85,8905518.882908432
0.2,0.15,0.9,8972292.346993882
0.2,0.15,0.95,8423037.377734113
0.2,0.15,1.0,8358992.617913194
0.2,0.2,0.05,8421772.385935139
0.2,0.2,0.1,8426801.093519941
0.2,0.2,0.15,8528131.553114083
0.2,0.2,0.2,8545247.780780466
0.2,0.2,0.25,8632001.085541464
0.2,0.2,0.3,8644421.610853307
0.2,0.2,0.35,8776352.605090132
0.2,0.2,0.4,8618332.321132341
0.2,0.2,0.45,8806628.427621363
0.2,0.2,0.5,8855435.456272379
0.2,0.2,0.55,8835075.470233237
0.2,0.2,0.6,8829409.510201164
0.2,0.2,0.65,8898512.008438818
0.2,0.2,0.7,8899550.121873258
0.2,0.2,0.75,8914824.216234826
0.2,0.2,0.8,8899353.66471143
0.2,0.2,0.85,8971450.744624961
0.2,0.2,0.9,8971127.544003792
0.2,0.2,0.95,8445556.721706111
0.2,0.2,1.0,8383368.759858008
0.2,0.25,0.05,8416802.652032131
0.2,0.25,0.1,8436552.897979854
0.2,0.25,0.15,8508923.40088705
0.2,0.25,0.2,8361438.330143513
0.2,0.25,0.25,8594031.486849196
0.2,0.25,0.3,8689055.633069694
0.2,0.25,0.35,8729255.1931375
0.2,0.25,0.4,8767009.889247188
0.2,0.25,0.45,8801210.762274664
0.2,0.25,0.5,8874992.121482922
0.2,0.25,0.55,8846040.44235844
0.2,0.25,0.6,8866053.525684973
0.2,0.25,0.65,8877176.416748997
0.2,0.25,0.7,8897221.576396443
0.2,0.25,0.75,8961767.518296387
0.2,0.25,0.8,8928732.234111631
0.2,0.25,0.85,8943678.528537944
0.2,0.25,0.9,8994173.900593713
0.2,0.25,0.95,9018440.503637921
0.2,0.25,1.0,8411046.571381107
0.2,0.3,0.05,8449178.880433397
0.2,0.3,0.1,8343419.777580564
0.2,0.3,0.15,8583737.200614031
0.2,0.3,0.2,8460875.29802551
0.2,0.3,0.25,8567695.093913894
0.2,0.3,0.3,8615645.80145125
0.2,0.3,0.35,8707075.312094841
0.2,0.3,0.4,8780976.516503235
0.2,0.3,0.45,8809362.311673624
0.2,0.3,0.5,8813932.25001505
0.2,0.3,0.55,8825746.571357403
0.2,0.3,0.6,8874820.286532803
0.2,0.3,0.65,8876936.958908984
0.2,0.3,0.7,8867054.817693505
0.2,0.3,0.75,8933305.68040103
0.2,0.3,0.8,8946546.633916963
0.2,0.3,0.85,8976169.728671499
0.2,0.3,0.9,8979881.803359386
0.2,0.3,0.95,8409604.98552751
0.2,0.3,1.0,8377127.2787026195
0.2,0.35,0.05,8387035.649734372
0.2,0.35,0.1,8432760.499341909
0.2,0.35,0.15,8554256.156194333
0.2,0.35,0.2,8459821.754459256
0.2,0.35,0.25,8557803.494130282
0.2,0.35,0.3,8642576.9028725
0.2,0.35,0.35,8657724.89346024
0.2,0.35,0.4,8780650.719471773
0.2,0.35,0.45,8746458.495207341
0.2,0.35,0.5,8834575.646930054
0.2,0.35,0.55,8858658.733400421
0.2,0.35,0.6,8866748.337470591
0.2,0.35,0.65,8897455.84869142
0.2,0.35,0.7,8889045.931488331
0.2,0.35,0.75,8916604.631131306
0.2,0.35,0.8,8913215.413108172
0.2,0.35,0.85,8933573.010948986
0.2,0.35,0.9,8969281.533236854
0.2,0.35,0.95,8525491.54061183
0.2,0.35,1.0,8364285.20971258
0.2,0.4,0.05,8444119.137552828
0.2,0.4,0.1,8505575.94361255
0.2,0.4,0.15,8424041.769366343
0.2,0.4,0.2,8516066.248954915
0.2,0.4,0.25,8604721.006279852
0.2,0.4,0.3,8654514.124475371
0.2,0.4,0.35,8729463.293517314
0.2,0.4,0.4,8731607.34101027
0.2,0.4,0.45,8718639.343384877
0.2,0.4,0.5,8866506.09082592
0.2,0.4,0.55,8830649.695855439
0.2,0.4,0.6,8856642.962689169
0.2,0.4,0.65,8883625.60585569
0.2,0.4,0.7,8892473.930094115
0.2,0.4,0.75,8917865.715172209
0.2,0.4,0.8,8937694.477919307
0.2,0.4,0.85,8925939.565119084
0.2,0.4,0.9,9021977.40431436
0.2,0.4,0.95,8392251.517942768
0.2,0.4,1.0,8450331.344387148
0.2,0.45,0.05,8484547.423072767
0.2,0.45,0.1,8401400.492299745
0.2,0.45,0.15,8506080.80648545
0.2,0.45,0.2,8545820.44971455
0.2,0.45,0.25,8637496.549337115
0.2,0.45,0.3,8658180.69392529
0.2,0.45,0.35,8659162.199118726
0.2,0.45,0.4,8764290.110466043
0.2,0.45,0.45,8783412.170135882
0.2,0.45,0.5,8804575.288968258
0.2,0.45,0.55,8811382.353654135
0.2,0.45,0.6,8880774.466074279
0.2,0.45,0.65,8867522.606021276
0.2,0.45,0.7,8884519.972170748
0.2,0.45,0.75,8908882.151824147
0.2,0.45,0.8,8913533.562072264
0.2,0.45,0.85,8927048.01590244
0.2,0.45,0.9,8976710.182568848
0.2,0.45,0.95,8443806.468855035
0.2,0.45,1.0,8388256.576085661
0.2,0.5,0.05,8409594.048267182
0.2,0.5,0.1,8511631.118733186
0.2,0.5,0.15,8596315.973458655
0.2,0.5,0.2,8534586.38229023
0.2,0.5,0.25,8605504.060165722
0.2,0.5,0.3,8619386.167418277
0.2,0.5,0.35,8661728.752842603
0.2,0.5,0.4,8762305.733457327
0.2,0.5,0.45,8744003.432026442
0.2,0.5,0.5,8872218.409961786
0.2,0.5,0.55,8850481.760091936
0.2,0.5,0.6,8837957.978958664
0.2,0.5,0.65,8864814.902038088
0.2,0.5,0.7,8889177.48522619
0.2,0.5,0.75,8961759.635468576
0.2,0.5,0.8,8891043.69932702
0.2,0.5,0.85,8948406.906768529
0.2,0.5,0.9,8975091.123394093
0.2,0.5,0.95,8370547.577497663
0.2,0.5,1.0,8376463.463779099
0.2,0.55,0.05,8488010.3839675
0.2,0.55,0.1,8415652.288413508
0.2,0.55,0.15,8445729.348290281
0.2,0.55,0.2,8548219.513294822
0.2,0.55,0.25,8554317.033682669
0.2,0.55,0.3,8684991.621852899
0.2,0.55,0.35,8642718.636931775
0.2,0.55,0.4,8694173.53713788
0.2,0.55,0.45,8721296.843241693
0.2,0.55,0.5,8818972.697386688
0.2,0.55,0.55,8895369.32810656
0.2,0.55,0.6,8897885.980842512
0.2,0.55,0.65,8882965.18841617
0.2,0.55,0.7,8921705.755967138
0.2,0.55,0.75,8959770.838198312
0.2,0.55,0.8,8946921.277943684
0.2,0.55,0.85,8934140.42221361
0.2,0.55,0.9,8962587.04581498
0.2,0.55,0.95,8372156.284235815
0.2,0.55,1.0,8432586.78077335
0.2,0.6,0.05,8442304.51531265
0.2,0.6,0.1,8462530.175867453
0.2,0.6,0.15,8376632.160938825
0.2,0.6,0.2,8577814.929278422
0.2,0.6,0.25,8540878.574376512
0.2,0.6,0.3,8653642.017387602
0.2,0.6,0.35,8686486.080993976
0.2,0.6,0.4,8657014.455884684
0.2,0.6,0.45,8738371.90119744
0.2,0.6,0.5,8849116.836954793
0.2,0.6,0.55,8858361.911029361
0.2,0.6,0.6,8905036.035601065
0.2,0.6,0.65,8868908.390769292
0.2,0.6,0.7,8919861.45317258
0.2,0.6,0.75,8919236.211333506
0.2,0.6,0.8,8953769.624213776
0.2,0.6,0.85,8914494.284183208
0.2,0.6,0.9,9009425.522846246
0.2,0.6,0.95,8437335.257105108
0.2,0.6,1.0,8350901.38344972
0.2,0.65,0.05,8433106.635019127
0.2,0.65,0.1,8501144.560043888
0.2,0.65,0.15,8468198.690515675
0.2,0.65,0.2,8456773.541662449
0.2,0.65,0.25,8609348.512001038
0.2,0.65,0.3,8600736.65819034
0.2,0.65,0.35,8755611.613479713
0.2,0.65,0.4,8696806.727448933
0.2,0.65,0.45,8731755.912906308
0.2,0.65,0.5,8832661.993559457
0.2,0.65,0.55,8887444.759418424
0.2,0.65,0.6,8874569.462120349
0.2,0.65,0.65,8937533.036217403
0.2,0.65,0.7,8914218.878576886
0.2,0.65,0.75,8928964.227414818
0.2,0.65,0.8,8920987.539589953
0.2,0.65,0.85,8955272.636142194
0.2,0.65,0.9,8982340.443171773
0.2,0.65,0.95,8399171.766056329
0.2,0.65,1.0,8391883.738398448
0.2,0.7,0.05,8455334.05250742
0.2,0.7,0.1,8481215.766789377
0.2,0.7,0.15,8358798.0425409665
0.2,0.7,0.2,8579904.619190283
0.2,0.7,0.25,8525268.631636607
0.2,0.7,0.3,8630846.327813158
0.2,0.7,0.35,8618936.910979558
0.2,0.7,0.4,8766037.712344795
0.2,0.7,0.45,8791105.486297537
0.2,0.7,0.5,8866328.742851539
0.2,0.7,0.55,8788335.663982293
0.2,0.7,0.6,8885112.356817462
0.2,0.7,0.65,8922225.664007366
0.2,0.7,0.7,8875891.492502056
0.2,0.7,0.75,8922882.96589855
0.2,0.7,0.8,8944450.565869397
0.2,0.7,0.85,8934370.763120549
0.2,0.7,0.9,8981847.26543386
0.2,0.7,0.95,8356347.618091069
0.2,0.7,1.0,8348740.420160185
0.2,0.75,0.05,8455430.86575197
0.2,0.75,0.1,8424280.551517623
0.2,0.75,0.15,8588534.813464161
0.2,0.75,0.2,8517124.418217074
0.2,0.75,0.25,8579413.882059867
0.2,0.75,0.3,8670265.270523725
0.2,0.75,0.35,8375109.033114482
0.2,0.75,0.4,8667670.395113489
0.2,0.75,0.45,8708085.934152607
0.2,0.75,0.5,8861568.05723662
0.2,0.75,0.55,8792306.098355133
0.2,0.75,0.6,8874256.91882058
0.2,0.75,0.65,8858304.435701318
0.2,0.75,0.7,8910960.515397387
0.2,0.75,0.75,8913457.75374875
0.2,0.75,0.8,8956483.56073356
0.2,0.75,0.85,8960440.432854125
0.2,0.75,0.9,8931572.67631156
0.2,0.75,0.95,8364980.091461899
0.2,0.75,1.0,8333250.278427111
0.2,0.8,0.05,8449463.718744606
0.2,0.8,0.1,8472095.41765265
0.2,0.8,0.15,8421387.366405662
0.2,0.8,0.2,8615256.043679088
0.2,0.8,0.25,8557714.691940954
0.2,0.8,0.3,8612800.759816943
0.2,0.8,0.35,8678758.061526857
0.2,0.8,0.4,8656391.960909832
0.2,0.8,0.45,8772064.741386782
0.2,0.8,0.5,8841857.879306449
0.2,0.8,0.55,8850948.388336342
0.2,0.8,0.6,8847746.71709754
0.2,0.8,0.65,8883249.33864275
0.2,0.8,0.7,8882867.471701423
0.2,0.8,0.75,8924960.943604374
0.2,0.8,0.8,8913510.39772384
0.2,0.8,0.85,8922949.722047344
0.2,0.8,0.9,8978225.82298858
0.2,0.8,0.95,8373387.720050389
0.2,0.8,1.0,8389321.720024092
0.2,0.85,0.05,8460492.551253686
0.2,0.85,0.1,8450244.058723418
0.2,0.85,0.15,8345143.360581845
0.2,0.85,0.2,8546639.737691049
0.2,0.85,0.25,8593869.629398135
0.2,0.85,0.3,8599366.981449809
0.2,0.85,0.35,8743265.285091024
0.2,0.85,0.4,8742080.347029814
0.2,0.85,0.45,8348474.838439805
0.2,0.85,0.5,8817290.06125554
0.2,0.85,0.55,8830945.977880072
0.2,0.85,0.6,8881345.672440939
0.2,0.85,0.65,8920034.262391742
0.2,0.85,0.7,8912172.16510722
0.2,0.85,0.75,8920071.504021088
0.2,0.85,0.8,8945337.65983942
0.2,0.85,0.85,8966308.344906833
0.2,0.85,0.9,8416846.11171178
0.2,0.85,0.95,8384728.0232903985
0.2,0.85,1.0,8372543.8400561195
0.2,0.9,0.05,8467529.265112277
0.2,0.9,0.1,8454779.843521956
0.2,0.9,0.15,8489701.528764052
0.2,0.9,0.2,8642994.649225874
0.2,0.9,0.25,8584371.589957561
0.2,0.9,0.3,8382783.298179472
0.2,0.9,0.35,8651160.846460156
0.2,0.9,0.4,8746859.947835486
0.2,0.9,0.45,8714475.204935852
0.2,0.9,0.5,8769428.62149584
0.2,0.9,0.55,8818029.593059566
0.2,0.9,0.6,8853552.019962315
0.2,0.9,0.65,8915018.532573141
0.2,0.9,0.7,8875619.712305823
0.2,0.9,0.75,8916263.531721707
0.2,0.9,0.8,8943913.770939017
0.2,0.9,0.85,8977390.406208325
0.2,0.9,0.9,8441089.140221415
0.2,0.9,0.95,8357112.8776902165
0.2,0.9,1.0,8314697.69902312
0.2,0.95,0.05,8390873.336876348
0.2,0.95,0.1,8400345.195155933
0.2,0.95,0.15,8464995.772159308
0.2,0.95,0.2,8520012.654440911
0.2,0.95,0.25,8606598.1204068
0.2,0.95,0.3,8669592.792131837
0.2,0.95,0.35,8700374.576098308
0.2,0.95,0.4,8679611.854569398
0.2,0.95,0.45,8726610.618851356
0.2,0.95,0.5,8830750.9988285
0.2,0.95,0.55,8849088.744776007
0.2,0.95,0.6,8851512.272598373
0.2,0.95,0.65,8923206.450983882
0.2,0.95,0.7,8916280.031401118
0.2,0.95,0.75,8883822.394877713
0.2,0.95,0.8,8942796.760320954
0.2,0.95,0.85,8956776.777002843
0.2,0.95,0.9,8388099.018163046
0.2,0.95,0.95,8374493.626809855
0.2,0.95,1.0,8377458.100243622
0.2,1.0,0.05,8395795.301846433
0.2,1.0,0.1,8520120.53161454
0.2,1.0,0.15,8535733.375090502
0.2,1.0,0.2,8567651.940823521
0.2,1.0,0.25,8635179.24908993
0.2,1.0,0.3,8653916.227905834
0.2,1.0,0.35,8697583.683911486
0.2,1.0,0.4,8752098.701539531
0.2,1.0,0.45,8835160.264017325
0.2,1.0,0.5,8818092.482683718
0.2,1.0,0.55,8880844.000512363
0.2,1.0,0.6,8872070.753822085
0.2,1.0,0.65,8847291.835078323
0.2,1.0,0.7,8899422.565431448
0.2,1.0,0.75,8937605.026449392
0.2,1.0,0.8,8943168.542848647
0.2,1.0,0.85,8967650.14236467
0.2,1.0,0.9,8401570.21746428
0.2,1.0,0.95,8391234.564849963
0.2,1.0,1.0,8351682.949345754
0.25,0.05,0.05,8352050.728474479
0.25,0.05,0.1,8409794.1524731
0.25,0.05,0.15,8494020.586863521
0.25,0.05,0.2,8531785.05275682
0.25,0.05,0.25,8637146.452123716
0.25,0.05,0.3,8660517.61535216
0.25,0.05,0.35,8754063.558823368
0.25,0.05,0.4,8361964.423114085
0.25,0.05,0.45,8783831.827249227
0.25,0.05,0.5,8813956.422282172
0.25,0.05,0.55,8852039.438528406
0.25,0.05,0.6,8866313.718193833
0.25,0.05,0.65,8859451.530308602
0.25,0.05,0.7,8870635.254667688
0.25,0.05,0.75,8896883.840893228
0.25,0.05,0.8,8928246.356603507
0.25,0.05,0.85,8952239.255298464
0.25,0.05,0.9,8974853.419305412
0.25,0.05,0.95,8512400.22423879
0.25,0.05,1.0,9003375.075489208
0.25,0.1,0.05,8305881.442812979
0.25,0.1,0.1,8499369.902402114
0.25,0.1,0.15,8332327.362961446
0.25,0.1,0.2,8577238.439395307
0.25,0.1,0.25,8613043.483604776
0.25,0.1,0.3,8660056.20464894
0.25,0.1,0.35,8691640.817452181
0.25,0.1,0.4,8678122.366311694
0.25,0.1,0.45,8744998.749626102
0.25,0.1,0.5,8855828.849139437
0.25,0.1,0.55,8755807.83944176
0.25,0.1,0.6,8907716.662427086
0.25,0.1,0.65,8888972.981233317
0.25,0.1,0.7,8896305.20132365
0.25,0.1,0.75,8907803.443650411
0.25,0.1,0.8,8925416.707728583
0.25,0.1,0.85,8913718.372970961
0.25,0.1,0.9,8961181.478048481
0.25,0.1,0.95,9015325.096961271
0.25,0.1,1.0,8417338.052985117
0.25,0.15,0.05,8474190.820080174
0.25,0.15,0.1,8511150.070707746
0.25,0.15,0.15,8473626.644709168
0.25,0.15,0.2,8554893.030442832
0.25,0.15,0.25,8597923.421903614
0.25,0.15,0.3,8626874.05674062
0.25,0.15,0.35,8694569.430138426
0.25,0.15,0.4,8740244.833749067
0.25,0.15,0.45,8754717.043328013
0.25,0.15,0.5,8803578.95749347
0.25,0.15,0.55,8838973.504557226
0.25,0.15,0.6,8852507.59245101
0.25,0.15,0.65,8893259.11728555
0.25,0.15,0.7,8900829.734519225
0.25,0.15,0.75,8908443.481184637
0.25,0.15,0.8,8893108.158040255
0.25,0.15,0.85,8918498.330120016
0.25,0.15,0.9,8976468.16198994
0.25,0.15,0.95,9030220.373334624
0.25,0.15,1.0,8392511.217850873
0.25,0.2,0.05,8440984.717316221
0.25,0.2,0.1,8458198.231888602
0.25,0.2,0.15,8406528.605064018
0.25,0.2,0.2,8512009.202103736
0.25,0.2,0.25,8495663.933219878
0.25,0.2,0.3,8589788.156442573
0.25,0.2,0.35,8672551.648594327
0.25,0.2,0.4,8674027.673714349
0.25,0.2,0.45,8815864.530648457
0.25,0.2,0.5,8830423.028681181
0.25,0.2,0.55,8736533.646402765
0.25,0.2,0.6,8879889.77037362
0.25,0.2,0.65,8861130.60609912
0.25,0.2,0.7,8888901.309869045
0.25,0.2,0.75,8938233.817286415
0.25,0.2,0.8,8912029.203077838
0.25,0.2,0.85,8903963.977729488
0.25,0.2,0.9,8956783.764273994
0.25,0.2,0.95,9034613.38074411
0.25,0.2,1.0,8403196.936605375
0.25,0.25,0.05,8406270.884992827
0.25,0.25,0.1,8452319.039135274
0.25,0.25,0.15,8437783.853513595
0.25,0.25,0.2,8594802.496760428
0.25,0.25,0.25,8568076.693527725
0.25,0.25,0.3,8660747.879311427
0.25,0.25,0.35,8643373.30619986
0.25,0.25,0.4,8351949.554989891
0.25,0.25,0.45,8798491.317761254
0.25,0.25,0.5,8859545.257784052
0.25,0.25,0.55,8844852.2494697
0.25,0.25,0.6,8882228.360809688
0.25,0.25,0.65,8875569.636501746
0.25,0.25,0.7,8868296.617508981
0.25,0.25,0.75,8926820.55864574
0.25,0.25,0.8,8923021.389424419
0.25,0.25,0.85,8936467.615965836
0.25,0.25,0.9,8982622.137979172
0.25,0.25,0.95,8429129.053658284
0.25,0.25,1.0,8388061.082805007
0.25,0.3,0.05,8531317.972761406
0.25,0.3,0.1,8510215.350048315
0.25,0.3,0.15,8398573.592287574
0.25,0.3,0.2,8507443.782686654
0.25,0.3,0.25,8622136.817479273
0.25,0.3,0.3,8593682.04286981
0.25,0.3,0.35,8687475.291979222
0.25,0.3,0.4,8731492.327667966
0.25,0.3,0.45,8770428.349473484
0.25,0.3,0.5,8822217.08879957
0.25,0.3,0.55,8847228.545621391
0.25,0.3,0.6,8886450.653019112
0.25,0.3,0.65,8914739.31247685
