Run_ID,Method,Solution_ID,Net_AEP_GWh,Total_Cost_USD,Wake_Loss_Percentage,Electrical_Loss_Percentage,Num_Strings
1,Baseline,0,1287.607691,1510232.603844,0.000000,0.531463,49
1,Baseline,1,1287.607691,1510232.603844,0.000000,0.531463,49
1,Baseline,2,1287.554470,1500407.104221,0.000000,0.535574,48
1,Baseline,3,1287.554470,1500407.104221,0.000000,0.535574,48
1,Baseline,4,1287.554470,1500407.104221,0.000000,0.535574,48
1,Baseline,5,1287.554470,1500407.104221,0.000000,0.535574,48
1,Baseline,6,1287.554470,1500407.104221,0.000000,0.535574,48
1,Baseline,7,1287.607691,1510232.603844,0.000000,0.531463,49
1,Baseline,8,1287.607691,1510232.603844,0.000000,0.531463,49
1,Baseline,9,1287.607691,1510232.603844,0.000000,0.531463,49
1,Baseline,10,1287.554470,1500407.104221,0.000000,0.535574,48
1,Baseline,11,1287.554470,1500407.104221,0.000000,0.535574,48
1,Baseline,12,1287.554470,1500407.104221,0.000000,0.535574,48
1,Baseline,13,1287.554470,1500407.104221,0.000000,0.535574,48
1,Baseline,14,1287.554470,1500407.104221,0.000000,0.535574,48
1,Baseline,15,1287.554470,1500407.104221,0.000000,0.535574,48
1,Baseline,16,1287.607691,1510232.603844,0.000000,0.531463,49
1,Baseline,17,1287.554470,1500407.104221,0.000000,0.535574,48
1,Baseline,18,1287.554470,1500407.104221,0.000000,0.535574,48
1,Proposed,0,1500.545128,2097949.531226,0.000000,0.677813,47
1,Proposed,1,1489.335649,1806043.094539,0.000000,0.704246,41
2,Baseline,0,1287.554470,1500407.104221,0.000000,0.535574,48
2,Baseline,1,1287.554470,1500407.104221,0.000000,0.535574,48
2,Baseline,2,1287.554470,1500407.104221,0.000000,0.535574,48
2,Baseline,3,1287.554470,1500407.104221,0.000000,0.535574,48
2,Baseline,4,1287.554470,1500407.104221,0.000000,0.535574,48
2,Baseline,5,1287.607691,1510232.603844,0.000000,0.531463,49
2,Baseline,6,1287.607691,1510232.603844,0.000000,0.531463,49
2,Baseline,7,1287.607691,1510232.603844,0.000000,0.531463,49
2,Baseline,8,1287.554470,1500407.104221,0.000000,0.535574,48
2,Baseline,9,1287.554470,1500407.104221,0.000000,0.535574,48
2,Baseline,10,1287.554470,1500407.104221,0.000000,0.535574,48
2,Baseline,11,1287.607691,1510232.603844,0.000000,0.531463,49
2,Baseline,12,1287.607691,1510232.603844,0.000000,0.531463,49
2,Proposed,0,1497.538883,2038501.734531,0.000000,0.638807,46
2,Proposed,1,1467.613708,1855932.519165,0.000000,0.659124,44
3,Baseline,0,1287.607691,1510232.603844,0.000000,0.531463,49
3,Baseline,1,1287.554470,1500407.104221,0.000000,0.535574,48
3,Baseline,2,1287.554470,1500407.104221,0.000000,0.535574,48
3,Baseline,3,1287.554470,1500407.104221,0.000000,0.535574,48
3,Baseline,4,1287.554470,1500407.104221,0.000000,0.535574,48
3,Baseline,5,1287.554470,1500407.104221,0.000000,0.535574,48
3,Baseline,6,1287.554470,1500407.104221,0.000000,0.535574,48
3,Baseline,7,1287.554470,1500407.104221,0.000000,0.535574,48
3,Baseline,8,1287.607691,1510232.603844,0.000000,0.531463,49
3,Baseline,9,1287.554470,1500407.104221,0.000000,0.535574,48
3,Baseline,10,1287.554470,1500407.104221,0.000000,0.535574,48
3,Baseline,11,1287.554470,1500407.104221,0.000000,0.535574,48
3,Baseline,12,1287.554470,1500407.104221,0.000000,0.535574,48
3,Baseline,13,1287.554470,1500407.104221,0.000000,0.535574,48
3,Baseline,14,1287.554470,1500407.104221,0.000000,0.535574,48
3,Baseline,15,1287.554470,1500407.104221,0.000000,0.535574,48
3,Baseline,16,1287.607691,1510232.603844,0.000000,0.531463,49
3,Baseline,17,1287.607691,1510232.603844,0.000000,0.531463,49
3,Baseline,18,1287.554470,1500407.104221,0.000000,0.535574,48
3,Baseline,19,1287.554470,1500407.104221,0.000000,0.535574,48
3,Proposed,0,1507.394578,1871371.227815,0.000000,0.705882,42
4,Baseline,0,1287.554470,1500407.104221,0.000000,0.535574,48
4,Baseline,1,1287.554470,1500407.104221,0.000000,0.535574,48
4,Baseline,2,1287.554470,1500407.104221,0.000000,0.535574,48
4,Baseline,3,1287.554470,1500407.104221,0.000000,0.535574,48
4,Baseline,4,1287.554470,1500407.104221,0.000000,0.535574,48
4,Baseline,5,1287.607691,1510232.603844,0.000000,0.531463,49
4,Baseline,6,1287.607691,1510232.603844,0.000000,0.531463,49
4,Baseline,7,1287.554470,1500407.104221,0.000000,0.535574,48
4,Baseline,8,1287.554470,1500407.104221,0.000000,0.535574,48
4,Baseline,9,1287.554470,1500407.104221,0.000000,0.535574,48
4,Baseline,10,1287.554470,1500407.104221,0.000000,0.535574,48
4,Baseline,11,1287.554470,1500407.104221,0.000000,0.535574,48
4,Baseline,12,1287.554470,1500407.104221,0.000000,0.535574,48
4,Baseline,13,1287.554470,1500407.104221,0.000000,0.535574,48
4,Baseline,14,1287.554470,1500407.104221,0.000000,0.535574,48
4,Baseline,15,1287.554470,1500407.104221,0.000000,0.535574,48
4,Baseline,16,1287.554470,1500407.104221,0.000000,0.535574,48
4,Baseline,17,1287.554470,1500407.104221,0.000000,0.535574,48
4,Baseline,18,1287.554470,1500407.104221,0.000000,0.535574,48
4,Baseline,19,1287.554470,1500407.104221,0.000000,0.535574,48
4,Baseline,20,1287.554470,1500407.104221,0.000000,0.535574,48
4,Baseline,21,1287.554470,1500407.104221,0.000000,0.535574,48
4,Baseline,22,1287.554470,1500407.104221,0.000000,0.535574,48
4,Baseline,23,1287.554470,1500407.104221,0.000000,0.535574,48
4,Proposed,0,1503.159570,1942858.292830,0.000000,0.667186,45
4,Proposed,1,1489.778706,1945834.186609,0.000000,0.669147,45
4,Proposed,2,1489.287139,1909297.474208,0.000000,0.676648,44
4,Proposed,3,1474.755904,1908377.691413,0.000000,0.696357,43
4,Proposed,4,1479.771642,1885731.983704,0.000000,0.672756,43
5,Baseline,0,1324.419260,3109175.417039,0.000000,2.622646,5
5,Baseline,1,1292.090431,3300183.505884,0.000000,2.824032,5
5,Baseline,2,1292.437399,3331122.881289,0.000000,2.653528,5
5,Proposed,0,1468.433343,1937523.140191,0.000000,0.698153,43
6,Baseline,0,1287.554470,1500407.104221,0.000000,0.535574,48
6,Baseline,1,1287.554470,1500407.104221,0.000000,0.535574,48
6,Baseline,2,1287.554470,1500407.104221,0.000000,0.535574,48
6,Baseline,3,1287.554470,1500407.104221,0.000000,0.535574,48
6,Baseline,4,1287.607691,1510232.603844,0.000000,0.531463,49
6,Baseline,5,1287.554470,1500407.104221,0.000000,0.535574,48
6,Baseline,6,1287.554470,1500407.104221,0.000000,0.535574,48
6,Baseline,7,1287.607691,1510232.603844,0.000000,0.531463,49
6,Baseline,8,1287.554470,1500407.104221,0.000000,0.535574,48
6,Baseline,9,1287.554470,1500407.104221,0.000000,0.535574,48
6,Baseline,10,1287.554470,1500407.104221,0.000000,0.535574,48
6,Baseline,11,1287.554470,1500407.104221,0.000000,0.535574,48
6,Baseline,12,1287.554470,1500407.104221,0.000000,0.535574,48
6,Baseline,13,1287.554470,1500407.104221,0.000000,0.535574,48
6,Baseline,14,1287.607691,1510232.603844,0.000000,0.531463,49
6,Baseline,15,1287.554470,1500407.104221,0.000000,0.535574,48
6,Baseline,16,1287.554470,1500407.104221,0.000000,0.535574,48
6,Baseline,17,1287.554470,1500407.104221,0.000000,0.535574,48
6,Baseline,18,1287.554470,1500407.104221,0.000000,0.535574,48
6,Proposed,0,1497.422649,2019673.646835,0.000000,0.690994,43
7,Baseline,0,1338.865930,2946454.167206,0.000000,1.900961,6
7,Baseline,1,1338.865930,2946454.167206,0.000000,1.900961,6
7,Baseline,2,1318.595091,2685623.688996,0.000000,2.556972,5
7,Baseline,3,1318.595091,2685623.688996,0.000000,2.556972,5
7,Baseline,4,1327.022799,2691077.911233,0.000000,1.934171,6
7,Baseline,5,1327.022799,2691077.911233,0.000000,1.934171,6
7,Baseline,6,1306.668824,3064893.877168,0.000000,2.680632,5
7,Baseline,7,1306.668824,3064893.877168,0.000000,2.680632,5
7,Baseline,8,1290.048951,2745128.792590,0.000000,2.817443,5
7,Baseline,9,1290.048951,2745128.792590,0.000000,2.817443,5
7,Baseline,10,1290.048951,2745128.792590,0.000000,2.817443,5
7,Baseline,11,1290.048951,2745128.792590,0.000000,2.817443,5
7,Proposed,0,1527.437718,2305837.561438,0.000000,0.598742,52
7,Proposed,1,1500.304074,2061671.239347,0.000000,0.660768,47
7,Proposed,2,1493.329144,1938368.830319,0.000000,0.724733,43
7,Proposed,3,1482.555606,1752866.438016,0.000000,0.734730,42
7,Proposed,4,1465.069576,1756306.518945,0.000000,0.697149,41
8,Baseline,0,1287.607691,1510232.603844,0.000000,0.531463,49
8,Baseline,1,1287.554470,1500407.104221,0.000000,0.535574,48
8,Baseline,2,1287.554470,1500407.104221,0.000000,0.535574,48
8,Baseline,3,1287.554470,1500407.104221,0.000000,0.535574,48
8,Baseline,4,1287.554470,1500407.104221,0.000000,0.535574,48
8,Baseline,5,1287.554470,1500407.104221,0.000000,0.535574,48
8,Baseline,6,1287.607691,1510232.603844,0.000000,0.531463,49
8,Baseline,7,1287.554470,1500407.104221,0.000000,0.535574,48
8,Baseline,8,1287.554470,1500407.104221,0.000000,0.535574,48
8,Baseline,9,1287.554470,1500407.104221,0.000000,0.535574,48
8,Baseline,10,1287.554470,1500407.104221,0.000000,0.535574,48
8,Baseline,11,1287.554470,1500407.104221,0.000000,0.535574,48
8,Baseline,12,1287.554470,1500407.104221,0.000000,0.535574,48
8,Baseline,13,1287.607691,1510232.603844,0.000000,0.531463,49
8,Baseline,14,1287.554470,1500407.104221,0.000000,0.535574,48
8,Baseline,15,1287.554470,1500407.104221,0.000000,0.535574,48
8,Baseline,16,1287.607691,1510232.603844,0.000000,0.531463,49
8,Baseline,17,1287.554470,1500407.104221,0.000000,0.535574,48
8,Baseline,18,1287.554470,1500407.104221,0.000000,0.535574,48
8,Baseline,19,1287.607691,1510232.603844,0.000000,0.531463,49
8,Proposed,0,1478.927500,1893752.673109,0.000000,0.598454,48
8,Proposed,1,1461.533054,1828123.732177,0.000000,0.666224,42
9,Baseline,0,1287.554470,1500407.104221,0.000000,0.535574,48
9,Baseline,1,1287.607691,1510232.603844,0.000000,0.531463,49
9,Baseline,2,1287.554470,1500407.104221,0.000000,0.535574,48
9,Baseline,3,1287.554470,1500407.104221,0.000000,0.535574,48
9,Baseline,4,1287.554470,1500407.104221,0.000000,0.535574,48
9,Baseline,5,1287.554470,1500407.104221,0.000000,0.535574,48
9,Baseline,6,1287.554470,1500407.104221,0.000000,0.535574,48
9,Baseline,7,1287.554470,1500407.104221,0.000000,0.535574,48
9,Baseline,8,1287.554470,1500407.104221,0.000000,0.535574,48
9,Baseline,9,1287.554470,1500407.104221,0.000000,0.535574,48
9,Baseline,10,1287.554470,1500407.104221,0.000000,0.535574,48
9,Baseline,11,1287.554470,1500407.104221,0.000000,0.535574,48
9,Baseline,12,1287.554470,1500407.104221,0.000000,0.535574,48
9,Baseline,13,1287.607691,1510232.603844,0.000000,0.531463,49
9,Baseline,14,1287.554470,1500407.104221,0.000000,0.535574,48
9,Baseline,15,1287.554470,1500407.104221,0.000000,0.535574,48
9,Baseline,16,1287.554470,1500407.104221,0.000000,0.535574,48
9,Baseline,17,1287.554470,1500407.104221,0.000000,0.535574,48
9,Proposed,0,1466.740695,1982339.963607,0.000000,0.613212,48
9,Proposed,1,1481.745903,1877444.168823,0.000000,0.669439,41
10,Baseline,0,1306.932601,3352760.540663,0.000000,2.894818,5
10,Baseline,1,1306.932601,3352760.540663,0.000000,2.894818,5
10,Baseline,2,1282.805995,2962524.634062,0.000000,2.828442,5
10,Baseline,3,1282.805995,2962524.634062,0.000000,2.828442,5
10,Baseline,4,1303.415342,3042602.789382,0.000000,2.789989,5
10,Baseline,5,1303.415342,3042602.789382,0.000000,2.789989,5
10,Baseline,6,1303.415342,3042602.789382,0.000000,2.789989,5
10,Baseline,7,1303.415342,3042602.789382,0.000000,2.789989,5
10,Baseline,8,1303.415342,3042602.789382,0.000000,2.789989,5
10,Baseline,9,1303.415342,3042602.789382,0.000000,2.789989,5
10,Baseline,10,1303.415342,3042602.789382,0.000000,2.789989,5
10,Baseline,11,1303.415342,3042602.789382,0.000000,2.789989,5
10,Baseline,12,1303.415342,3042602.789382,0.000000,2.789989,5
10,Baseline,13,1303.415342,3042602.789382,0.000000,2.789989,5
10,Baseline,14,1303.415342,3042602.789382,0.000000,2.789989,5
10,Baseline,15,1303.415342,3042602.789382,0.000000,2.789989,5
10,Baseline,16,1303.415342,3042602.789382,0.000000,2.789989,5
10,Baseline,17,1303.415342,3042602.789382,0.000000,2.789989,5
10,Baseline,18,1303.415342,3042602.789382,0.000000,2.789989,5
10,Baseline,19,1303.415342,3042602.789382,0.000000,2.789989,5
10,Baseline,20,1303.415342,3042602.789382,0.000000,2.789989,5
10,Baseline,21,1303.415342,3042602.789382,0.000000,2.789989,5
10,Baseline,22,1303.415342,3042602.789382,0.000000,2.789989,5
10,Baseline,23,1303.415342,3042602.789382,0.000000,2.789989,5
10,Baseline,24,1303.415342,3042602.789382,0.000000,2.789989,5
10,Baseline,25,1303.415342,3042602.789382,0.000000,2.789989,5
10,Baseline,26,1303.415342,3042602.789382,0.000000,2.789989,5
10,Baseline,27,1303.415342,3042602.789382,0.000000,2.789989,5
10,Baseline,28,1303.415342,3042602.789382,0.000000,2.789989,5
10,Baseline,29,1303.415342,3042602.789382,0.000000,2.789989,5
10,Baseline,30,1303.415342,3042602.789382,0.000000,2.789989,5
10,Baseline,31,1303.415342,3042602.789382,0.000000,2.789989,5
10,Baseline,32,1303.415342,3042602.789382,0.000000,2.789989,5
10,Baseline,33,1303.415342,3042602.789382,0.000000,2.789989,5
10,Baseline,34,1303.415342,3042602.789382,0.000000,2.789989,5
10,Baseline,35,1303.415342,3042602.789382,0.000000,2.789989,5
10,Baseline,36,1303.415342,3042602.789382,0.000000,2.789989,5
10,Baseline,37,1303.415342,3042602.789382,0.000000,2.789989,5
10,Baseline,38,1303.415342,3042602.789382,0.000000,2.789989,5
10,Baseline,39,1303.415342,3042602.789382,0.000000,2.789989,5
10,Baseline,40,1303.415342,3042602.789382,0.000000,2.789989,5
10,Baseline,41,1303.415342,3042602.789382,0.000000,2.789989,5
10,Baseline,42,1303.415342,3042602.789382,0.000000,2.789989,5
10,Baseline,43,1303.415342,3042602.789382,0.000000,2.789989,5
10,Baseline,44,1303.415342,3042602.789382,0.000000,2.789989,5
10,Baseline,45,1303.415342,3042602.789382,0.000000,2.789989,5
10,Baseline,46,1303.415342,3042602.789382,0.000000,2.789989,5
10,Baseline,47,1303.415342,3042602.789382,0.000000,2.789989,5
10,Baseline,48,1303.415342,3042602.789382,0.000000,2.789989,5
10,Baseline,49,1303.415342,3042602.789382,0.000000,2.789989,5
10,Baseline,50,1303.415342,3042602.789382,0.000000,2.789989,5
10,Baseline,51,1303.415342,3042602.789382,0.000000,2.789989,5
10,Baseline,52,1303.415342,3042602.789382,0.000000,2.789989,5
10,Baseline,53,1303.415342,3042602.789382,0.000000,2.789989,5
10,Baseline,54,1303.415342,3042602.789382,0.000000,2.789989,5
10,Baseline,55,1303.415342,3042602.789382,0.000000,2.789989,5
10,Baseline,56,1303.415342,3042602.789382,0.000000,2.789989,5
10,Baseline,57,1303.415342,3042602.789382,0.000000,2.789989,5
10,Baseline,58,1303.415342,3042602.789382,0.000000,2.789989,5
10,Baseline,59,1303.415342,3042602.789382,0.000000,2.789989,5
10,Baseline,60,1303.415342,3042602.789382,0.000000,2.789989,5
10,Baseline,61,1303.415342,3042602.789382,0.000000,2.789989,5
10,Baseline,62,1303.415342,3042602.789382,0.000000,2.789989,5
10,Baseline,63,1303.415342,3042602.789382,0.000000,2.789989,5
10,Baseline,64,1303.415342,3042602.789382,0.000000,2.789989,5
10,Baseline,65,1303.415342,3042602.789382,0.000000,2.789989,5
10,Baseline,66,1303.415342,3042602.789382,0.000000,2.789989,5
10,Baseline,67,1303.415342,3042602.789382,0.000000,2.789989,5
10,Baseline,68,1303.415342,3042602.789382,0.000000,2.789989,5
10,Baseline,69,1303.415342,3042602.789382,0.000000,2.789989,5
10,Baseline,70,1303.415342,3042602.789382,0.000000,2.789989,5
10,Baseline,71,1303.415342,3042602.789382,0.000000,2.789989,5
10,Baseline,72,1303.415342,3042602.789382,0.000000,2.789989,5
10,Baseline,73,1303.415342,3042602.789382,0.000000,2.789989,5
10,Baseline,74,1303.415342,3042602.789382,0.000000,2.789989,5
10,Baseline,75,1303.415342,3042602.789382,0.000000,2.789989,5
10,Baseline,76,1303.415342,3042602.789382,0.000000,2.789989,5
10,Baseline,77,1303.415342,3042602.789382,0.000000,2.789989,5
10,Baseline,78,1303.415342,3042602.789382,0.000000,2.789989,5
10,Baseline,79,1303.415342,3042602.789382,0.000000,2.789989,5
10,Baseline,80,1303.415342,3042602.789382,0.000000,2.789989,5
10,Baseline,81,1303.415342,3042602.789382,0.000000,2.789989,5
10,Baseline,82,1303.415342,3042602.789382,0.000000,2.789989,5
10,Baseline,83,1303.415342,3042602.789382,0.000000,2.789989,5
10,Baseline,84,1303.415342,3042602.789382,0.000000,2.789989,5
10,Baseline,85,1303.415342,3042602.789382,0.000000,2.789989,5
10,Baseline,86,1303.415342,3042602.789382,0.000000,2.789989,5
10,Baseline,87,1303.415342,3042602.789382,0.000000,2.789989,5
10,Baseline,88,1303.415342,3042602.789382,0.000000,2.789989,5
10,Baseline,89,1303.415342,3042602.789382,0.000000,2.789989,5
10,Baseline,90,1303.415342,3042602.789382,0.000000,2.789989,5
10,Baseline,91,1303.415342,3042602.789382,0.000000,2.789989,5
10,Baseline,92,1303.415342,3042602.789382,0.000000,2.789989,5
10,Baseline,93,1303.415342,3042602.789382,0.000000,2.789989,5
10,Baseline,94,1303.415342,3042602.789382,0.000000,2.789989,5
10,Baseline,95,1303.415342,3042602.789382,0.000000,2.789989,5
10,Baseline,96,1303.415342,3042602.789382,0.000000,2.789989,5
10,Baseline,97,1303.415342,3042602.789382,0.000000,2.789989,5
10,Baseline,98,1303.415342,3042602.789382,0.000000,2.789989,5
10,Baseline,99,1303.415342,3042602.789382,0.000000,2.789989,5
10,Baseline,100,1303.415342,3042602.789382,0.000000,2.789989,5
10,Baseline,101,1303.415342,3042602.789382,0.000000,2.789989,5
10,Baseline,102,1303.415342,3042602.789382,0.000000,2.789989,5
10,Baseline,103,1303.415342,3042602.789382,0.000000,2.789989,5
10,Baseline,104,1303.415342,3042602.789382,0.000000,2.789989,5
10,Baseline,105,1303.415342,3042602.789382,0.000000,2.789989,5
10,Baseline,106,1303.415342,3042602.789382,0.000000,2.789989,5
10,Baseline,107,1303.415342,3042602.789382,0.000000,2.789989,5
10,Baseline,108,1303.415342,3042602.789382,0.000000,2.789989,5
10,Baseline,109,1303.415342,3042602.789382,0.000000,2.789989,5
10,Baseline,110,1303.415342,3042602.789382,0.000000,2.789989,5
10,Baseline,111,1303.415342,3042602.789382,0.000000,2.789989,5
10,Baseline,112,1303.415342,3042602.789382,0.000000,2.789989,5
10,Baseline,113,1303.415342,3042602.789382,0.000000,2.789989,5
10,Baseline,114,1303.415342,3042602.789382,0.000000,2.789989,5
10,Baseline,115,1303.415342,3042602.789382,0.000000,2.789989,5
10,Baseline,116,1303.415342,3042602.789382,0.000000,2.789989,5
10,Baseline,117,1303.415342,3042602.789382,0.000000,2.789989,5
10,Baseline,118,1303.415342,3042602.789382,0.000000,2.789989,5
10,Baseline,119,1303.415342,3042602.789382,0.000000,2.789989,5
10,Baseline,120,1303.415342,3042602.789382,0.000000,2.789989,5
10,Baseline,121,1303.415342,3042602.789382,0.000000,2.789989,5
10,Baseline,122,1303.415342,3042602.789382,0.000000,2.789989,5
10,Baseline,123,1303.415342,3042602.789382,0.000000,2.789989,5
10,Baseline,124,1303.415342,3042602.789382,0.000000,2.789989,5
10,Baseline,125,1303.415342,3042602.789382,0.000000,2.789989,5
10,Baseline,126,1303.415342,3042602.789382,0.000000,2.789989,5
10,Baseline,127,1303.415342,3042602.789382,0.000000,2.789989,5
10,Baseline,128,1303.415342,3042602.789382,0.000000,2.789989,5
10,Baseline,129,1303.415342,3042602.789382,0.000000,2.789989,5
10,Baseline,130,1303.415342,3042602.789382,0.000000,2.789989,5
10,Baseline,131,1303.415342,3042602.789382,0.000000,2.789989,5
10,Baseline,132,1303.415342,3042602.789382,0.000000,2.789989,5
10,Baseline,133,1303.415342,3042602.789382,0.000000,2.789989,5
10,Baseline,134,1303.415342,3042602.789382,0.000000,2.789989,5
10,Baseline,135,1303.415342,3042602.789382,0.000000,2.789989,5
10,Baseline,136,1303.415342,3042602.789382,0.000000,2.789989,5
10,Baseline,137,1303.415342,3042602.789382,0.000000,2.789989,5
10,Baseline,138,1303.415342,3042602.789382,0.000000,2.789989,5
10,Baseline,139,1303.415342,3042602.789382,0.000000,2.789989,5
10,Baseline,140,1303.415342,3042602.789382,0.000000,2.789989,5
10,Baseline,141,1303.415342,3042602.789382,0.000000,2.789989,5
10,Baseline,142,1303.415342,3042602.789382,0.000000,2.789989,5
10,Baseline,143,1303.415342,3042602.789382,0.000000,2.789989,5
10,Baseline,144,1303.415342,3042602.789382,0.000000,2.789989,5
10,Baseline,145,1303.415342,3042602.789382,0.000000,2.789989,5
10,Baseline,146,1303.415342,3042602.789382,0.000000,2.789989,5
10,Baseline,147,1303.415342,3042602.789382,0.000000,2.789989,5
10,Baseline,148,1303.415342,3042602.789382,0.000000,2.789989,5
10,Baseline,149,1303.415342,3042602.789382,0.000000,2.789989,5
10,Baseline,150,1303.415342,3042602.789382,0.000000,2.789989,5
10,Baseline,151,1303.415342,3042602.789382,0.000000,2.789989,5
10,Baseline,152,1303.415342,3042602.789382,0.000000,2.789989,5
10,Baseline,153,1303.415342,3042602.789382,0.000000,2.789989,5
10,Baseline,154,1303.415342,3042602.789382,0.000000,2.789989,5
10,Baseline,155,1303.415342,3042602.789382,0.000000,2.789989,5
10,Baseline,156,1303.415342,3042602.789382,0.000000,2.789989,5
10,Baseline,157,1303.415342,3042602.789382,0.000000,2.789989,5
10,Baseline,158,1303.415342,3042602.789382,0.000000,2.789989,5
10,Baseline,159,1303.415342,3042602.789382,0.000000,2.789989,5
10,Baseline,160,1303.415342,3042602.789382,0.000000,2.789989,5
10,Baseline,161,1303.415342,3042602.789382,0.000000,2.789989,5
10,Baseline,162,1303.415342,3042602.789382,0.000000,2.789989,5
10,Baseline,163,1303.415342,3042602.789382,0.000000,2.789989,5
10,Baseline,164,1303.415342,3042602.789382,0.000000,2.789989,5
10,Baseline,165,1303.415342,3042602.789382,0.000000,2.789989,5
10,Baseline,166,1303.415342,3042602.789382,0.000000,2.789989,5
10,Baseline,167,1303.415342,3042602.789382,0.000000,2.789989,5
10,Baseline,168,1303.415342,3042602.789382,0.000000,2.789989,5
10,Baseline,169,1303.415342,3042602.789382,0.000000,2.789989,5
10,Baseline,170,1303.415342,3042602.789382,0.000000,2.789989,5
10,Baseline,171,1303.415342,3042602.789382,0.000000,2.789989,5
10,Baseline,172,1303.415342,3042602.789382,0.000000,2.789989,5
10,Baseline,173,1303.415342,3042602.789382,0.000000,2.789989,5
10,Baseline,174,1303.415342,3042602.789382,0.000000,2.789989,5
10,Baseline,175,1303.415342,3042602.789382,0.000000,2.789989,5
10,Baseline,176,1303.415342,3042602.789382,0.000000,2.789989,5
10,Baseline,177,1303.415342,3042602.789382,0.000000,2.789989,5
10,Baseline,178,1303.415342,3042602.789382,0.000000,2.789989,5
10,Baseline,179,1303.415342,3042602.789382,0.000000,2.789989,5
10,Baseline,180,1303.415342,3042602.789382,0.000000,2.789989,5
10,Baseline,181,1303.415342,3042602.789382,0.000000,2.789989,5
10,Baseline,182,1303.415342,3042602.789382,0.000000,2.789989,5
10,Baseline,183,1303.415342,3042602.789382,0.000000,2.789989,5
10,Baseline,184,1303.415342,3042602.789382,0.000000,2.789989,5
10,Baseline,185,1303.415342,3042602.789382,0.000000,2.789989,5
10,Baseline,186,1303.415342,3042602.789382,0.000000,2.789989,5
10,Baseline,187,1303.415342,3042602.789382,0.000000,2.789989,5
10,Baseline,188,1303.415342,3042602.789382,0.000000,2.789989,5
10,Baseline,189,1303.415342,3042602.789382,0.000000,2.789989,5
10,Baseline,190,1303.415342,3042602.789382,0.000000,2.789989,5
10,Baseline,191,1303.415342,3042602.789382,0.000000,2.789989,5
10,Baseline,192,1303.415342,3042602.789382,0.000000,2.789989,5
10,Baseline,193,1303.415342,3042602.789382,0.000000,2.789989,5
10,Baseline,194,1303.415342,3042602.789382,0.000000,2.789989,5
10,Baseline,195,1303.415342,3042602.789382,0.000000,2.789989,5
10,Baseline,196,1303.415342,3042602.789382,0.000000,2.789989,5
10,Baseline,197,1303.415342,3042602.789382,0.000000,2.789989,5
10,Baseline,198,1303.415342,3042602.789382,0.000000,2.789989,5
10,Baseline,199,1303.415342,3042602.789382,0.000000,2.789989,5
10,Baseline,200,1303.415342,3042602.789382,0.000000,2.789989,5
10,Baseline,201,1303.415342,3042602.789382,0.000000,2.789989,5
10,Baseline,202,1303.415342,3042602.789382,0.000000,2.789989,5
10,Baseline,203,1303.415342,3042602.789382,0.000000,2.789989,5
10,Baseline,204,1303.415342,3042602.789382,0.000000,2.789989,5
10,Baseline,205,1303.415342,3042602.789382,0.000000,2.789989,5
10,Baseline,206,1303.415342,3042602.789382,0.000000,2.789989,5
10,Baseline,207,1303.415342,3042602.789382,0.000000,2.789989,5
10,Baseline,208,1303.415342,3042602.789382,0.000000,2.789989,5
10,Baseline,209,1303.415342,3042602.789382,0.000000,2.789989,5
10,Baseline,210,1303.415342,3042602.789382,0.000000,2.789989,5
10,Baseline,211,1303.415342,3042602.789382,0.000000,2.789989,5
10,Baseline,212,1303.415342,3042602.789382,0.000000,2.789989,5
10,Baseline,213,1303.415342,3042602.789382,0.000000,2.789989,5
10,Baseline,214,1303.415342,3042602.789382,0.000000,2.789989,5
10,Baseline,215,1303.415342,3042602.789382,0.000000,2.789989,5
10,Baseline,216,1303.415342,3042602.789382,0.000000,2.789989,5
10,Baseline,217,1303.415342,3042602.789382,0.000000,2.789989,5
10,Baseline,218,1303.415342,3042602.789382,0.000000,2.789989,5
10,Baseline,219,1303.415342,3042602.789382,0.000000,2.789989,5
10,Baseline,220,1303.415342,3042602.789382,0.000000,2.789989,5
10,Baseline,221,1303.415342,3042602.789382,0.000000,2.789989,5
10,Baseline,222,1303.415342,3042602.789382,0.000000,2.789989,5
10,Baseline,223,1303.415342,3042602.789382,0.000000,2.789989,5
10,Baseline,224,1303.415342,3042602.789382,0.000000,2.789989,5
10,Baseline,225,1303.415342,3042602.789382,0.000000,2.789989,5
10,Baseline,226,1303.415342,3042602.789382,0.000000,2.789989,5
10,Baseline,227,1303.415342,3042602.789382,0.000000,2.789989,5
10,Baseline,228,1303.415342,3042602.789382,0.000000,2.789989,5
10,Baseline,229,1303.415342,3042602.789382,0.000000,2.789989,5
10,Baseline,230,1303.415342,3042602.789382,0.000000,2.789989,5
10,Baseline,231,1303.415342,3042602.789382,0.000000,2.789989,5
10,Baseline,232,1303.415342,3042602.789382,0.000000,2.789989,5
10,Baseline,233,1303.415342,3042602.789382,0.000000,2.789989,5
10,Baseline,234,1303.415342,3042602.789382,0.000000,2.789989,5
10,Baseline,235,1303.415342,3042602.789382,0.000000,2.789989,5
10,Baseline,236,1303.415342,3042602.789382,0.000000,2.789989,5
10,Baseline,237,1303.415342,3042602.789382,0.000000,2.789989,5
10,Baseline,238,1303.415342,3042602.789382,0.000000,2.789989,5
10,Baseline,239,1303.415342,3042602.789382,0.000000,2.789989,5
10,Baseline,240,1303.415342,3042602.789382,0.000000,2.789989,5
10,Baseline,241,1303.415342,3042602.789382,0.000000,2.789989,5
10,Baseline,242,1303.415342,3042602.789382,0.000000,2.789989,5
10,Baseline,243,1303.415342,3042602.789382,0.000000,2.789989,5
10,Baseline,244,1303.415342,3042602.789382,0.000000,2.789989,5
10,Baseline,245,1303.415342,3042602.789382,0.000000,2.789989,5
10,Baseline,246,1303.415342,3042602.789382,0.000000,2.789989,5
10,Baseline,247,1303.415342,3042602.789382,0.000000,2.789989,5
10,Baseline,248,1303.415342,3042602.789382,0.000000,2.789989,5
10,Baseline,249,1303.415342,3042602.789382,0.000000,2.789989,5
10,Baseline,250,1303.415342,3042602.789382,0.000000,2.789989,5
10,Baseline,251,1303.415342,3042602.789382,0.000000,2.789989,5
10,Baseline,252,1303.415342,3042602.789382,0.000000,2.789989,5
10,Baseline,253,1303.415342,3042602.789382,0.000000,2.789989,5
10,Baseline,254,1303.415342,3042602.789382,0.000000,2.789989,5
10,Baseline,255,1303.415342,3042602.789382,0.000000,2.789989,5
10,Baseline,256,1303.415342,3042602.789382,0.000000,2.789989,5
10,Baseline,257,1303.415342,3042602.789382,0.000000,2.789989,5
10,Baseline,258,1303.415342,3042602.789382,0.000000,2.789989,5
10,Baseline,259,1303.415342,3042602.789382,0.000000,2.789989,5
10,Baseline,260,1303.415342,3042602.789382,0.000000,2.789989,5
10,Baseline,261,1303.415342,3042602.789382,0.000000,2.789989,5
10,Baseline,262,1303.415342,3042602.789382,0.000000,2.789989,5
10,Baseline,263,1303.415342,3042602.789382,0.000000,2.789989,5
10,Baseline,264,1303.415342,3042602.789382,0.000000,2.789989,5
10,Baseline,265,1303.415342,3042602.789382,0.000000,2.789989,5
10,Baseline,266,1303.415342,3042602.789382,0.000000,2.789989,5
10,Baseline,267,1303.415342,3042602.789382,0.000000,2.789989,5
10,Baseline,268,1303.415342,3042602.789382,0.000000,2.789989,5
10,Baseline,269,1303.415342,3042602.789382,0.000000,2.789989,5
10,Baseline,270,1303.415342,3042602.789382,0.000000,2.789989,5
10,Baseline,271,1303.415342,3042602.789382,0.000000,2.789989,5
10,Baseline,272,1303.415342,3042602.789382,0.000000,2.789989,5
10,Baseline,273,1303.415342,3042602.789382,0.000000,2.789989,5
10,Baseline,274,1303.415342,3042602.789382,0.000000,2.789989,5
10,Baseline,275,1303.415342,3042602.789382,0.000000,2.789989,5
10,Baseline,276,1303.415342,3042602.789382,0.000000,2.789989,5
10,Baseline,277,1303.415342,3042602.789382,0.000000,2.789989,5
10,Baseline,278,1303.415342,3042602.789382,0.000000,2.789989,5
10,Baseline,279,1303.415342,3042602.789382,0.000000,2.789989,5
10,Baseline,280,1303.415342,3042602.789382,0.000000,2.789989,5
10,Baseline,281,1303.415342,3042602.789382,0.000000,2.789989,5
10,Baseline,282,1303.415342,3042602.789382,0.000000,2.789989,5
10,Baseline,283,1303.415342,3042602.789382,0.000000,2.789989,5
10,Baseline,284,1303.415342,3042602.789382,0.000000,2.789989,5
10,Baseline,285,1303.415342,3042602.789382,0.000000,2.789989,5
10,Baseline,286,1303.415342,3042602.789382,0.000000,2.789989,5
10,Baseline,287,1303.415342,3042602.789382,0.000000,2.789989,5
10,Baseline,288,1303.415342,3042602.789382,0.000000,2.789989,5
10,Baseline,289,1303.415342,3042602.789382,0.000000,2.789989,5
10,Baseline,290,1303.415342,3042602.789382,0.000000,2.789989,5
10,Baseline,291,1303.415342,3042602.789382,0.000000,2.789989,5
10,Baseline,292,1303.415342,3042602.789382,0.000000,2.789989,5
10,Baseline,293,1303.415342,3042602.789382,0.000000,2.789989,5
10,Baseline,294,1303.415342,3042602.789382,0.000000,2.789989,5
10,Baseline,295,1303.415342,3042602.789382,0.000000,2.789989,5
10,Baseline,296,1303.415342,3042602.789382,0.000000,2.789989,5
10,Proposed,0,1496.501748,1941888.314514,0.000000,0.647701,46
11,Baseline,0,1314.368933,3191596.445784,0.000000,2.805768,5
11,Baseline,1,1314.368933,3191596.445784,0.000000,2.805768,5
11,Baseline,2,1310.848914,3108197.899145,0.000000,2.849174,5
11,Baseline,3,1310.848914,3108197.899145,0.000000,2.849174,5
11,Baseline,4,1310.848914,3108197.899145,0.000000,2.849174,5
11,Baseline,5,1310.848914,3108197.899145,0.000000,2.849174,5
11,Baseline,6,1310.848914,3108197.899145,0.000000,2.849174,5
11,Baseline,7,1310.848914,3108197.899145,0.000000,2.849174,5
11,Baseline,8,1310.848914,3108197.899145,0.000000,2.849174,5
11,Baseline,9,1310.848914,3108197.899145,0.000000,2.849174,5
11,Baseline,10,1310.848914,3108197.899145,0.000000,2.849174,5
11,Baseline,11,1310.848914,3108197.899145,0.000000,2.849174,5
11,Baseline,12,1310.848914,3108197.899145,0.000000,2.849174,5
11,Baseline,13,1310.848914,3108197.899145,0.000000,2.849174,5
11,Baseline,14,1310.848914,3108197.899145,0.000000,2.849174,5
11,Baseline,15,1310.848914,3108197.899145,0.000000,2.849174,5
11,Baseline,16,1310.848914,3108197.899145,0.000000,2.849174,5
11,Baseline,17,1310.848914,3108197.899145,0.000000,2.849174,5
11,Baseline,18,1310.848914,3108197.899145,0.000000,2.849174,5
11,Baseline,19,1310.848914,3108197.899145,0.000000,2.849174,5
11,Baseline,20,1310.848914,3108197.899145,0.000000,2.849174,5
11,Baseline,21,1310.848914,3108197.899145,0.000000,2.849174,5
11,Proposed,0,1509.435432,2028727.564137,0.000000,0.706160,44
11,Proposed,1,1470.212047,1972929.061988,0.000000,0.603140,47
11,Proposed,2,1478.688784,1831033.250105,0.000000,0.644371,44
12,Baseline,0,1287.554470,1500407.104221,0.000000,0.535574,48
12,Baseline,1,1287.554470,1500407.104221,0.000000,0.535574,48
12,Baseline,2,1287.554470,1500407.104221,0.000000,0.535574,48
12,Baseline,3,1287.554470,1500407.104221,0.000000,0.535574,48
12,Baseline,4,1287.554470,1500407.104221,0.000000,0.535574,48
12,Baseline,5,1287.554470,1500407.104221,0.000000,0.535574,48
12,Baseline,6,1287.554470,1500407.104221,0.000000,0.535574,48
12,Baseline,7,1287.554470,1500407.104221,0.000000,0.535574,48
12,Baseline,8,1287.554470,1500407.104221,0.000000,0.535574,48
12,Baseline,9,1287.554470,1500407.104221,0.000000,0.535574,48
12,Baseline,10,1287.554470,1500407.104221,0.000000,0.535574,48
12,Baseline,11,1287.554470,1500407.104221,0.000000,0.535574,48
12,Baseline,12,1287.554470,1500407.104221,0.000000,0.535574,48
12,Baseline,13,1287.554470,1500407.104221,0.000000,0.535574,48
12,Baseline,14,1287.554470,1500407.104221,0.000000,0.535574,48
12,Baseline,15,1287.554470,1500407.104221,0.000000,0.535574,48
12,Baseline,16,1287.554470,1500407.104221,0.000000,0.535574,48
12,Baseline,17,1287.554470,1500407.104221,0.000000,0.535574,48
12,Baseline,18,1287.554470,1500407.104221,0.000000,0.535574,48
12,Baseline,19,1287.607691,1510232.603844,0.000000,0.531463,49
12,Baseline,20,1287.554470,1500407.104221,0.000000,0.535574,48
12,Baseline,21,1287.554470,1500407.104221,0.000000,0.535574,48
12,Proposed,0,1473.181993,2042642.163455,0.000000,0.569761,51
12,Proposed,1,1474.060734,1941023.098133,0.000000,0.611006,47
12,Proposed,2,1464.986322,1796801.818098,0.000000,0.704975,42
13,Baseline,0,1287.607691,1510232.603844,0.000000,0.531463,49
13,Baseline,1,1287.554470,1500407.104221,0.000000,0.535574,48
13,Baseline,2,1287.554470,1500407.104221,0.000000,0.535574,48
13,Baseline,3,1287.554470,1500407.104221,0.000000,0.535574,48
13,Baseline,4,1287.554470,1500407.104221,0.000000,0.535574,48
13,Baseline,5,1287.554470,1500407.104221,0.000000,0.535574,48
13,Baseline,6,1287.607691,1510232.603844,0.000000,0.531463,49
13,Baseline,7,1287.607691,1510232.603844,0.000000,0.531463,49
13,Baseline,8,1287.607691,1510232.603844,0.000000,0.531463,49
13,Baseline,9,1287.554470,1500407.104221,0.000000,0.535574,48
13,Baseline,10,1287.554470,1500407.104221,0.000000,0.535574,48
13,Baseline,11,1287.554470,1500407.104221,0.000000,0.535574,48
13,Baseline,12,1287.554470,1500407.104221,0.000000,0.535574,48
13,Baseline,13,1287.554470,1500407.104221,0.000000,0.535574,48
13,Baseline,14,1287.607691,1510232.603844,0.000000,0.531463,49
13,Baseline,15,1287.607691,1510232.603844,0.000000,0.531463,49
13,Baseline,16,1287.607691,1510232.603844,0.000000,0.531463,49
13,Baseline,17,1287.607691,1510232.603844,0.000000,0.531463,49
13,Baseline,18,1287.554470,1500407.104221,0.000000,0.535574,48
13,Baseline,19,1287.554470,1500407.104221,0.000000,0.535574,48
13,Baseline,20,1287.554470,1500407.104221,0.000000,0.535574,48
13,Baseline,21,1287.607691,1510232.603844,0.000000,0.531463,49
13,Baseline,22,1287.554470,1500407.104221,0.000000,0.535574,48
13,Baseline,23,1287.554470,1500407.104221,0.000000,0.535574,48
13,Proposed,0,1509.308827,1949135.459602,0.000000,0.742808,43
13,Proposed,1,1480.217549,1955616.717965,0.000000,0.659491,45
14,Baseline,0,1326.674996,2782741.701957,0.000000,2.698702,5
14,Baseline,1,1326.674996,2782741.701957,0.000000,2.698702,5
14,Baseline,2,1326.674996,2782741.701957,0.000000,2.698702,5
14,Baseline,3,1326.674996,2782741.701957,0.000000,2.698702,5
14,Baseline,4,1326.674996,2782741.701957,0.000000,2.698702,5
14,Baseline,5,1326.674996,2782741.701957,0.000000,2.698702,5
14,Baseline,6,1326.674996,2782741.701957,0.000000,2.698702,5
14,Baseline,7,1326.674996,2782741.701957,0.000000,2.698702,5
14,Baseline,8,1326.674996,2782741.701957,0.000000,2.698702,5
14,Baseline,9,1326.674996,2782741.701957,0.000000,2.698702,5
14,Baseline,10,1326.674996,2782741.701957,0.000000,2.698702,5
14,Baseline,11,1326.674996,2782741.701957,0.000000,2.698702,5
14,Baseline,12,1326.674996,2782741.701957,0.000000,2.698702,5
14,Baseline,13,1326.674996,2782741.701957,0.000000,2.698702,5
14,Baseline,14,1326.674996,2782741.701957,0.000000,2.698702,5
14,Baseline,15,1326.674996,2782741.701957,0.000000,2.698702,5
14,Baseline,16,1326.674996,2782741.701957,0.000000,2.698702,5
14,Baseline,17,1326.674996,2782741.701957,0.000000,2.698702,5
14,Baseline,18,1326.674996,2782741.701957,0.000000,2.698702,5
14,Baseline,19,1326.674996,2782741.701957,0.000000,2.698702,5
14,Baseline,20,1326.674996,2782741.701957,0.000000,2.698702,5
14,Baseline,21,1326.674996,2782741.701957,0.000000,2.698702,5
14,Baseline,22,1326.674996,2782741.701957,0.000000,2.698702,5
14,Baseline,23,1326.674996,2782741.701957,0.000000,2.698702,5
14,Baseline,24,1326.674996,2782741.701957,0.000000,2.698702,5
14,Baseline,25,1326.674996,2782741.701957,0.000000,2.698702,5
14,Baseline,26,1326.674996,2782741.701957,0.000000,2.698702,5
14,Baseline,27,1326.674996,2782741.701957,0.000000,2.698702,5
14,Baseline,28,1326.674996,2782741.701957,0.000000,2.698702,5
14,Baseline,29,1326.674996,2782741.701957,0.000000,2.698702,5
14,Baseline,30,1326.674996,2782741.701957,0.000000,2.698702,5
14,Baseline,31,1326.674996,2782741.701957,0.000000,2.698702,5
14,Baseline,32,1326.674996,2782741.701957,0.000000,2.698702,5
14,Baseline,33,1326.674996,2782741.701957,0.000000,2.698702,5
14,Baseline,34,1326.674996,2782741.701957,0.000000,2.698702,5
14,Baseline,35,1326.674996,2782741.701957,0.000000,2.698702,5
14,Baseline,36,1326.674996,2782741.701957,0.000000,2.698702,5
14,Baseline,37,1326.674996,2782741.701957,0.000000,2.698702,5
14,Baseline,38,1326.674996,2782741.701957,0.000000,2.698702,5
14,Baseline,39,1326.674996,2782741.701957,0.000000,2.698702,5
14,Baseline,40,1326.674996,2782741.701957,0.000000,2.698702,5
14,Baseline,41,1326.674996,2782741.701957,0.000000,2.698702,5
14,Baseline,42,1326.674996,2782741.701957,0.000000,2.698702,5
14,Baseline,43,1326.674996,2782741.701957,0.000000,2.698702,5
14,Baseline,44,1326.674996,2782741.701957,0.000000,2.698702,5
14,Baseline,45,1326.674996,2782741.701957,0.000000,2.698702,5
14,Baseline,46,1326.674996,2782741.701957,0.000000,2.698702,5
14,Baseline,47,1326.674996,2782741.701957,0.000000,2.698702,5
14,Baseline,48,1326.674996,2782741.701957,0.000000,2.698702,5
14,Baseline,49,1326.674996,2782741.701957,0.000000,2.698702,5
14,Baseline,50,1326.674996,2782741.701957,0.000000,2.698702,5
14,Baseline,51,1326.674996,2782741.701957,0.000000,2.698702,5
14,Baseline,52,1326.674996,2782741.701957,0.000000,2.698702,5
14,Baseline,53,1326.674996,2782741.701957,0.000000,2.698702,5
14,Baseline,54,1326.674996,2782741.701957,0.000000,2.698702,5
14,Baseline,55,1326.674996,2782741.701957,0.000000,2.698702,5
14,Baseline,56,1326.674996,2782741.701957,0.000000,2.698702,5
14,Baseline,57,1326.674996,2782741.701957,0.000000,2.698702,5
14,Baseline,58,1326.674996,2782741.701957,0.000000,2.698702,5
14,Baseline,59,1326.674996,2782741.701957,0.000000,2.698702,5
14,Baseline,60,1326.674996,2782741.701957,0.000000,2.698702,5
14,Baseline,61,1326.674996,2782741.701957,0.000000,2.698702,5
14,Baseline,62,1326.674996,2782741.701957,0.000000,2.698702,5
14,Baseline,63,1326.674996,2782741.701957,0.000000,2.698702,5
14,Baseline,64,1326.674996,2782741.701957,0.000000,2.698702,5
14,Baseline,65,1326.674996,2782741.701957,0.000000,2.698702,5
14,Baseline,66,1326.674996,2782741.701957,0.000000,2.698702,5
14,Baseline,67,1326.674996,2782741.701957,0.000000,2.698702,5
14,Baseline,68,1326.674996,2782741.701957,0.000000,2.698702,5
14,Baseline,69,1326.674996,2782741.701957,0.000000,2.698702,5
14,Baseline,70,1326.674996,2782741.701957,0.000000,2.698702,5
14,Baseline,71,1326.674996,2782741.701957,0.000000,2.698702,5
14,Baseline,72,1326.674996,2782741.701957,0.000000,2.698702,5
14,Baseline,73,1326.674996,2782741.701957,0.000000,2.698702,5
14,Baseline,74,1326.674996,2782741.701957,0.000000,2.698702,5
14,Baseline,75,1326.674996,2782741.701957,0.000000,2.698702,5
14,Baseline,76,1326.674996,2782741.701957,0.000000,2.698702,5
14,Baseline,77,1326.674996,2782741.701957,0.000000,2.698702,5
14,Baseline,78,1326.674996,2782741.701957,0.000000,2.698702,5
14,Baseline,79,1326.674996,2782741.701957,0.000000,2.698702,5
14,Baseline,80,1326.674996,2782741.701957,0.000000,2.698702,5
14,Baseline,81,1326.674996,2782741.701957,0.000000,2.698702,5
14,Baseline,82,1326.674996,2782741.701957,0.000000,2.698702,5
14,Baseline,83,1326.674996,2782741.701957,0.000000,2.698702,5
14,Baseline,84,1326.674996,2782741.701957,0.000000,2.698702,5
14,Baseline,85,1326.674996,2782741.701957,0.000000,2.698702,5
14,Baseline,86,1326.674996,2782741.701957,0.000000,2.698702,5
14,Baseline,87,1326.674996,2782741.701957,0.000000,2.698702,5
14,Baseline,88,1326.674996,2782741.701957,0.000000,2.698702,5
14,Baseline,89,1326.674996,2782741.701957,0.000000,2.698702,5
14,Baseline,90,1326.674996,2782741.701957,0.000000,2.698702,5
14,Baseline,91,1326.674996,2782741.701957,0.000000,2.698702,5
14,Baseline,92,1326.674996,2782741.701957,0.000000,2.698702,5
14,Baseline,93,1326.674996,2782741.701957,0.000000,2.698702,5
14,Baseline,94,1326.674996,2782741.701957,0.000000,2.698702,5
14,Baseline,95,1326.674996,2782741.701957,0.000000,2.698702,5
14,Baseline,96,1326.674996,2782741.701957,0.000000,2.698702,5
14,Baseline,97,1326.674996,2782741.701957,0.000000,2.698702,5
14,Baseline,98,1326.674996,2782741.701957,0.000000,2.698702,5
14,Baseline,99,1326.674996,2782741.701957,0.000000,2.698702,5
14,Baseline,100,1326.674996,2782741.701957,0.000000,2.698702,5
14,Baseline,101,1326.674996,2782741.701957,0.000000,2.698702,5
14,Baseline,102,1326.674996,2782741.701957,0.000000,2.698702,5
14,Baseline,103,1326.674996,2782741.701957,0.000000,2.698702,5
14,Baseline,104,1326.674996,2782741.701957,0.000000,2.698702,5
14,Baseline,105,1326.674996,2782741.701957,0.000000,2.698702,5
14,Baseline,106,1326.674996,2782741.701957,0.000000,2.698702,5
14,Baseline,107,1326.674996,2782741.701957,0.000000,2.698702,5
14,Baseline,108,1326.674996,2782741.701957,0.000000,2.698702,5
14,Baseline,109,1326.674996,2782741.701957,0.000000,2.698702,5
14,Baseline,110,1326.674996,2782741.701957,0.000000,2.698702,5
14,Baseline,111,1326.674996,2782741.701957,0.000000,2.698702,5
14,Baseline,112,1326.674996,2782741.701957,0.000000,2.698702,5
14,Baseline,113,1326.674996,2782741.701957,0.000000,2.698702,5
14,Baseline,114,1326.674996,2782741.701957,0.000000,2.698702,5
14,Baseline,115,1326.674996,2782741.701957,0.000000,2.698702,5
14,Baseline,116,1326.674996,2782741.701957,0.000000,2.698702,5
14,Baseline,117,1326.674996,2782741.701957,0.000000,2.698702,5
14,Baseline,118,1326.674996,2782741.701957,0.000000,2.698702,5
14,Baseline,119,1326.674996,2782741.701957,0.000000,2.698702,5
14,Baseline,120,1326.674996,2782741.701957,0.000000,2.698702,5
14,Baseline,121,1326.674996,2782741.701957,0.000000,2.698702,5
14,Baseline,122,1326.674996,2782741.701957,0.000000,2.698702,5
14,Baseline,123,1326.674996,2782741.701957,0.000000,2.698702,5
14,Baseline,124,1326.674996,2782741.701957,0.000000,2.698702,5
14,Baseline,125,1326.674996,2782741.701957,0.000000,2.698702,5
14,Baseline,126,1326.674996,2782741.701957,0.000000,2.698702,5
14,Baseline,127,1326.674996,2782741.701957,0.000000,2.698702,5
14,Baseline,128,1326.674996,2782741.701957,0.000000,2.698702,5
14,Baseline,129,1326.674996,2782741.701957,0.000000,2.698702,5
14,Baseline,130,1326.674996,2782741.701957,0.000000,2.698702,5
14,Baseline,131,1326.674996,2782741.701957,0.000000,2.698702,5
14,Baseline,132,1326.674996,2782741.701957,0.000000,2.698702,5
14,Baseline,133,1326.674996,2782741.701957,0.000000,2.698702,5
14,Baseline,134,1326.674996,2782741.701957,0.000000,2.698702,5
14,Baseline,135,1326.674996,2782741.701957,0.000000,2.698702,5
14,Baseline,136,1326.674996,2782741.701957,0.000000,2.698702,5
14,Baseline,137,1326.674996,2782741.701957,0.000000,2.698702,5
14,Baseline,138,1326.674996,2782741.701957,0.000000,2.698702,5
14,Baseline,139,1326.674996,2782741.701957,0.000000,2.698702,5
14,Baseline,140,1326.674996,2782741.701957,0.000000,2.698702,5
14,Baseline,141,1326.674996,2782741.701957,0.000000,2.698702,5
14,Baseline,142,1326.674996,2782741.701957,0.000000,2.698702,5
14,Baseline,143,1326.674996,2782741.701957,0.000000,2.698702,5
14,Baseline,144,1326.674996,2782741.701957,0.000000,2.698702,5
14,Baseline,145,1326.674996,2782741.701957,0.000000,2.698702,5
14,Baseline,146,1326.674996,2782741.701957,0.000000,2.698702,5
14,Baseline,147,1326.674996,2782741.701957,0.000000,2.698702,5
14,Baseline,148,1326.674996,2782741.701957,0.000000,2.698702,5
14,Baseline,149,1326.674996,2782741.701957,0.000000,2.698702,5
14,Baseline,150,1326.674996,2782741.701957,0.000000,2.698702,5
14,Baseline,151,1326.674996,2782741.701957,0.000000,2.698702,5
14,Baseline,152,1326.674996,2782741.701957,0.000000,2.698702,5
14,Baseline,153,1326.674996,2782741.701957,0.000000,2.698702,5
14,Baseline,154,1326.674996,2782741.701957,0.000000,2.698702,5
14,Baseline,155,1326.674996,2782741.701957,0.000000,2.698702,5
14,Baseline,156,1326.674996,2782741.701957,0.000000,2.698702,5
14,Baseline,157,1326.674996,2782741.701957,0.000000,2.698702,5
14,Baseline,158,1326.674996,2782741.701957,0.000000,2.698702,5
14,Baseline,159,1326.674996,2782741.701957,0.000000,2.698702,5
14,Baseline,160,1326.674996,2782741.701957,0.000000,2.698702,5
14,Baseline,161,1326.674996,2782741.701957,0.000000,2.698702,5
14,Baseline,162,1326.674996,2782741.701957,0.000000,2.698702,5
14,Baseline,163,1326.674996,2782741.701957,0.000000,2.698702,5
14,Baseline,164,1326.674996,2782741.701957,0.000000,2.698702,5
14,Baseline,165,1326.674996,2782741.701957,0.000000,2.698702,5
14,Baseline,166,1326.674996,2782741.701957,0.000000,2.698702,5
14,Baseline,167,1326.674996,2782741.701957,0.000000,2.698702,5
14,Baseline,168,1326.674996,2782741.701957,0.000000,2.698702,5
14,Baseline,169,1326.674996,2782741.701957,0.000000,2.698702,5
14,Baseline,170,1326.674996,2782741.701957,0.000000,2.698702,5
14,Baseline,171,1326.674996,2782741.701957,0.000000,2.698702,5
14,Baseline,172,1326.674996,2782741.701957,0.000000,2.698702,5
14,Baseline,173,1326.674996,2782741.701957,0.000000,2.698702,5
14,Baseline,174,1326.674996,2782741.701957,0.000000,2.698702,5
14,Baseline,175,1326.674996,2782741.701957,0.000000,2.698702,5
14,Baseline,176,1326.674996,2782741.701957,0.000000,2.698702,5
14,Baseline,177,1326.674996,2782741.701957,0.000000,2.698702,5
14,Baseline,178,1326.674996,2782741.701957,0.000000,2.698702,5
14,Baseline,179,1326.674996,2782741.701957,0.000000,2.698702,5
14,Baseline,180,1326.674996,2782741.701957,0.000000,2.698702,5
14,Baseline,181,1326.674996,2782741.701957,0.000000,2.698702,5
14,Baseline,182,1326.674996,2782741.701957,0.000000,2.698702,5
14,Baseline,183,1326.674996,2782741.701957,0.000000,2.698702,5
14,Baseline,184,1326.674996,2782741.701957,0.000000,2.698702,5
14,Baseline,185,1326.674996,2782741.701957,0.000000,2.698702,5
14,Baseline,186,1326.674996,2782741.701957,0.000000,2.698702,5
14,Baseline,187,1326.674996,2782741.701957,0.000000,2.698702,5
14,Baseline,188,1326.674996,2782741.701957,0.000000,2.698702,5
14,Baseline,189,1326.674996,2782741.701957,0.000000,2.698702,5
14,Baseline,190,1326.674996,2782741.701957,0.000000,2.698702,5
14,Baseline,191,1326.674996,2782741.701957,0.000000,2.698702,5
14,Baseline,192,1326.674996,2782741.701957,0.000000,2.698702,5
14,Baseline,193,1326.674996,2782741.701957,0.000000,2.698702,5
14,Baseline,194,1326.674996,2782741.701957,0.000000,2.698702,5
14,Baseline,195,1326.674996,2782741.701957,0.000000,2.698702,5
14,Baseline,196,1326.674996,2782741.701957,0.000000,2.698702,5
14,Baseline,197,1326.674996,2782741.701957,0.000000,2.698702,5
14,Baseline,198,1326.674996,2782741.701957,0.000000,2.698702,5
14,Baseline,199,1326.674996,2782741.701957,0.000000,2.698702,5
14,Baseline,200,1326.674996,2782741.701957,0.000000,2.698702,5
14,Baseline,201,1326.674996,2782741.701957,0.000000,2.698702,5
14,Baseline,202,1326.674996,2782741.701957,0.000000,2.698702,5
14,Baseline,203,1326.674996,2782741.701957,0.000000,2.698702,5
14,Baseline,204,1326.674996,2782741.701957,0.000000,2.698702,5
14,Baseline,205,1326.674996,2782741.701957,0.000000,2.698702,5
14,Baseline,206,1326.674996,2782741.701957,0.000000,2.698702,5
14,Baseline,207,1326.674996,2782741.701957,0.000000,2.698702,5
14,Baseline,208,1326.674996,2782741.701957,0.000000,2.698702,5
14,Baseline,209,1326.674996,2782741.701957,0.000000,2.698702,5
14,Baseline,210,1326.674996,2782741.701957,0.000000,2.698702,5
14,Baseline,211,1326.674996,2782741.701957,0.000000,2.698702,5
14,Baseline,212,1326.674996,2782741.701957,0.000000,2.698702,5
14,Baseline,213,1326.674996,2782741.701957,0.000000,2.698702,5
14,Baseline,214,1326.674996,2782741.701957,0.000000,2.698702,5
14,Baseline,215,1326.674996,2782741.701957,0.000000,2.698702,5
14,Baseline,216,1326.674996,2782741.701957,0.000000,2.698702,5
14,Baseline,217,1326.674996,2782741.701957,0.000000,2.698702,5
14,Baseline,218,1326.674996,2782741.701957,0.000000,2.698702,5
14,Baseline,219,1326.674996,2782741.701957,0.000000,2.698702,5
14,Baseline,220,1326.674996,2782741.701957,0.000000,2.698702,5
14,Baseline,221,1326.674996,2782741.701957,0.000000,2.698702,5
14,Baseline,222,1326.674996,2782741.701957,0.000000,2.698702,5
14,Baseline,223,1326.674996,2782741.701957,0.000000,2.698702,5
14,Baseline,224,1326.674996,2782741.701957,0.000000,2.698702,5
14,Baseline,225,1326.674996,2782741.701957,0.000000,2.698702,5
14,Baseline,226,1326.674996,2782741.701957,0.000000,2.698702,5
14,Baseline,227,1326.674996,2782741.701957,0.000000,2.698702,5
14,Baseline,228,1326.674996,2782741.701957,0.000000,2.698702,5
14,Baseline,229,1326.674996,2782741.701957,0.000000,2.698702,5
14,Baseline,230,1326.674996,2782741.701957,0.000000,2.698702,5
14,Baseline,231,1326.674996,2782741.701957,0.000000,2.698702,5
14,Baseline,232,1326.674996,2782741.701957,0.000000,2.698702,5
14,Baseline,233,1326.674996,2782741.701957,0.000000,2.698702,5
14,Baseline,234,1326.674996,2782741.701957,0.000000,2.698702,5
14,Baseline,235,1326.674996,2782741.701957,0.000000,2.698702,5
14,Baseline,236,1326.674996,2782741.701957,0.000000,2.698702,5
14,Baseline,237,1326.674996,2782741.701957,0.000000,2.698702,5
14,Baseline,238,1326.674996,2782741.701957,0.000000,2.698702,5
14,Baseline,239,1326.674996,2782741.701957,0.000000,2.698702,5
14,Baseline,240,1326.674996,2782741.701957,0.000000,2.698702,5
14,Baseline,241,1326.674996,2782741.701957,0.000000,2.698702,5
14,Baseline,242,1326.674996,2782741.701957,0.000000,2.698702,5
14,Baseline,243,1326.674996,2782741.701957,0.000000,2.698702,5
14,Baseline,244,1326.674996,2782741.701957,0.000000,2.698702,5
14,Baseline,245,1326.674996,2782741.701957,0.000000,2.698702,5
14,Baseline,246,1326.674996,2782741.701957,0.000000,2.698702,5
14,Baseline,247,1326.674996,2782741.701957,0.000000,2.698702,5
14,Baseline,248,1326.674996,2782741.701957,0.000000,2.698702,5
14,Baseline,249,1324.519928,2793608.764305,0.000000,2.563286,5
14,Baseline,250,1324.519928,2793608.764305,0.000000,2.563286,5
14,Baseline,251,1316.385100,2843763.930802,0.000000,2.639598,5
14,Baseline,252,1316.385100,2843763.930802,0.000000,2.639598,5
14,Baseline,253,1301.300304,2786890.851315,0.000000,2.661983,5
14,Baseline,254,1301.300304,2786890.851315,0.000000,2.661983,5
14,Baseline,255,1295.660273,3034400.006666,0.000000,2.902445,5
14,Baseline,256,1295.660273,3034400.006666,0.000000,2.902445,5
14,Proposed,0,1470.748096,1931046.240875,0.000000,0.758408,42
15,Baseline,0,1313.919104,2774158.477340,0.000000,1.837660,6
15,Baseline,1,1310.149282,2850131.510769,0.000000,1.833541,6
15,Baseline,2,1302.576289,2726207.142419,0.000000,1.818607,6
15,Baseline,3,1293.882340,2705364.617293,0.000000,1.856290,6
15,Baseline,4,1320.148223,2793000.731924,0.000000,1.862939,6
15,Proposed,0,1482.099585,2036171.984978,0.000000,0.597365,49
15,Proposed,1,1462.508880,1803874.674663,0.000000,0.584045,48
15,Proposed,2,1454.816347,1656364.541838,0.000000,0.640520,43
16,Baseline,0,1287.607691,1510232.603844,0.000000,0.531463,49
16,Baseline,1,1287.554470,1500407.104221,0.000000,0.535574,48
16,Baseline,2,1287.554470,1500407.104221,0.000000,0.535574,48
16,Baseline,3,1287.554470,1500407.104221,0.000000,0.535574,48
16,Baseline,4,1287.607691,1510232.603844,0.000000,0.531463,49
16,Baseline,5,1287.554470,1500407.104221,0.000000,0.535574,48
16,Baseline,6,1287.607691,1510232.603844,0.000000,0.531463,49
16,Baseline,7,1287.554470,1500407.104221,0.000000,0.535574,48
16,Baseline,8,1287.554470,1500407.104221,0.000000,0.535574,48
16,Baseline,9,1287.554470,1500407.104221,0.000000,0.535574,48
16,Baseline,10,1287.607691,1510232.603844,0.000000,0.531463,49
16,Baseline,11,1287.554470,1500407.104221,0.000000,0.535574,48
16,Baseline,12,1287.554470,1500407.104221,0.000000,0.535574,48
16,Baseline,13,1287.554470,1500407.104221,0.000000,0.535574,48
16,Baseline,14,1287.554470,1500407.104221,0.000000,0.535574,48
16,Baseline,15,1287.554470,1500407.104221,0.000000,0.535574,48
16,Baseline,16,1287.607691,1510232.603844,0.000000,0.531463,49
16,Baseline,17,1287.554470,1500407.104221,0.000000,0.535574,48
16,Baseline,18,1287.554470,1500407.104221,0.000000,0.535574,48
16,Baseline,19,1287.554470,1500407.104221,0.000000,0.535574,48
16,Baseline,20,1287.554470,1500407.104221,0.000000,0.535574,48
16,Baseline,21,1287.554470,1500407.104221,0.000000,0.535574,48
16,Baseline,22,1287.554470,1500407.104221,0.000000,0.535574,48
16,Proposed,0,1505.428390,1978696.933601,0.000000,0.739380,42
17,Baseline,0,1287.554470,1500407.104221,0.000000,0.535574,48
17,Baseline,1,1287.554470,1500407.104221,0.000000,0.535574,48
17,Baseline,2,1287.607691,1510232.603844,0.000000,0.531463,49
17,Baseline,3,1287.554470,1500407.104221,0.000000,0.535574,48
17,Baseline,4,1287.554470,1500407.104221,0.000000,0.535574,48
17,Baseline,5,1287.554470,1500407.104221,0.000000,0.535574,48
17,Baseline,6,1287.554470,1500407.104221,0.000000,0.535574,48
17,Baseline,7,1287.554470,1500407.104221,0.000000,0.535574,48
17,Baseline,8,1287.554470,1500407.104221,0.000000,0.535574,48
17,Baseline,9,1287.554470,1500407.104221,0.000000,0.535574,48
17,Baseline,10,1287.554470,1500407.104221,0.000000,0.535574,48
17,Baseline,11,1287.607691,1510232.603844,0.000000,0.531463,49
17,Baseline,12,1287.554470,1500407.104221,0.000000,0.535574,48
17,Baseline,13,1287.554470,1500407.104221,0.000000,0.535574,48
17,Baseline,14,1287.607691,1510232.603844,0.000000,0.531463,49
17,Baseline,15,1287.554470,1500407.104221,0.000000,0.535574,48
17,Baseline,16,1287.554470,1500407.104221,0.000000,0.535574,48
17,Baseline,17,1287.554470,1500407.104221,0.000000,0.535574,48
17,Baseline,18,1287.554470,1500407.104221,0.000000,0.535574,48
17,Baseline,19,1287.607691,1510232.603844,0.000000,0.531463,49
17,Baseline,20,1287.554470,1500407.104221,0.000000,0.535574,48
17,Baseline,21,1287.554470,1500407.104221,0.000000,0.535574,48
17,Baseline,22,1287.554470,1500407.104221,0.000000,0.535574,48
17,Baseline,23,1287.554470,1500407.104221,0.000000,0.535574,48
17,Baseline,24,1287.554470,1500407.104221,0.000000,0.535574,48
17,Proposed,0,1484.818428,1956799.014991,0.000000,0.683983,44
18,Baseline,0,1287.554470,1500407.104221,0.000000,0.535574,48
18,Baseline,1,1287.554470,1500407.104221,0.000000,0.535574,48
18,Baseline,2,1287.554470,1500407.104221,0.000000,0.535574,48
18,Baseline,3,1287.554470,1500407.104221,0.000000,0.535574,48
18,Baseline,4,1287.607691,1510232.603844,0.000000,0.531463,49
18,Baseline,5,1287.554470,1500407.104221,0.000000,0.535574,48
18,Baseline,6,1287.554470,1500407.104221,0.000000,0.535574,48
18,Baseline,7,1287.607691,1510232.603844,0.000000,0.531463,49
18,Baseline,8,1287.607691,1510232.603844,0.000000,0.531463,49
18,Baseline,9,1287.607691,1510232.603844,0.000000,0.531463,49
18,Baseline,10,1287.554470,1500407.104221,0.000000,0.535574,48
18,Baseline,11,1287.554470,1500407.104221,0.000000,0.535574,48
18,Baseline,12,1287.554470,1500407.104221,0.000000,0.535574,48
18,Baseline,13,1287.554470,1500407.104221,0.000000,0.535574,48
18,Baseline,14,1287.554470,1500407.104221,0.000000,0.535574,48
18,Baseline,15,1287.554470,1500407.104221,0.000000,0.535574,48
18,Baseline,16,1287.554470,1500407.104221,0.000000,0.535574,48
18,Baseline,17,1287.554470,1500407.104221,0.000000,0.535574,48
18,Baseline,18,1287.554470,1500407.104221,0.000000,0.535574,48
18,Baseline,19,1287.554470,1500407.104221,0.000000,0.535574,48
18,Baseline,20,1287.554470,1500407.104221,0.000000,0.535574,48
18,Baseline,21,1287.607691,1510232.603844,0.000000,0.531463,49
18,Baseline,22,1287.554470,1500407.104221,0.000000,0.535574,48
18,Baseline,23,1287.554470,1500407.104221,0.000000,0.535574,48
18,Baseline,24,1287.554470,1500407.104221,0.000000,0.535574,48
18,Baseline,25,1287.607691,1510232.603844,0.000000,0.531463,49
18,Proposed,0,1511.289067,2028566.492974,0.000000,0.668420,47
18,Proposed,1,1495.987977,1873614.469521,0.000000,0.664548,42
19,Baseline,0,1287.554470,1500407.104221,0.000000,0.535574,48
19,Baseline,1,1287.607691,1510232.603844,0.000000,0.531463,49
19,Baseline,2,1287.554470,1500407.104221,0.000000,0.535574,48
19,Baseline,3,1287.554470,1500407.104221,0.000000,0.535574,48
19,Baseline,4,1287.554470,1500407.104221,0.000000,0.535574,48
19,Baseline,5,1287.554470,1500407.104221,0.000000,0.535574,48
19,Baseline,6,1287.554470,1500407.104221,0.000000,0.535574,48
19,Baseline,7,1287.554470,1500407.104221,0.000000,0.535574,48
19,Baseline,8,1287.554470,1500407.104221,0.000000,0.535574,48
19,Baseline,9,1287.554470,1500407.104221,0.000000,0.535574,48
19,Baseline,10,1287.554470,1500407.104221,0.000000,0.535574,48
19,Baseline,11,1287.554470,1500407.104221,0.000000,0.535574,48
19,Baseline,12,1287.607691,1510232.603844,0.000000,0.531463,49
19,Baseline,13,1287.554470,1500407.104221,0.000000,0.535574,48
19,Baseline,14,1287.554470,1500407.104221,0.000000,0.535574,48
19,Baseline,15,1287.607691,1510232.603844,0.000000,0.531463,49
19,Baseline,16,1287.554470,1500407.104221,0.000000,0.535574,48
19,Proposed,0,1529.494789,2210657.551974,0.000000,0.635141,48
19,Proposed,1,1505.675363,2190245.926338,0.000000,0.667564,48
19,Proposed,2,1481.182869,1905837.695374,0.000000,0.637742,47
19,Proposed,3,1473.014837,1811771.153948,0.000000,0.683101,43
20,Baseline,0,1287.554470,1500407.104221,0.000000,0.535574,48
20,Baseline,1,1287.554470,1500407.104221,0.000000,0.535574,48
20,Baseline,2,1287.554470,1500407.104221,0.000000,0.535574,48
20,Baseline,3,1287.554470,1500407.104221,0.000000,0.535574,48
20,Baseline,4,1287.554470,1500407.104221,0.000000,0.535574,48
20,Baseline,5,1287.554470,1500407.104221,0.000000,0.535574,48
20,Baseline,6,1287.554470,1500407.104221,0.000000,0.535574,48
20,Baseline,7,1287.554470,1500407.104221,0.000000,0.535574,48
20,Baseline,8,1287.554470,1500407.104221,0.000000,0.535574,48
20,Baseline,9,1287.554470,1500407.104221,0.000000,0.535574,48
20,Baseline,10,1287.554470,1500407.104221,0.000000,0.535574,48
20,Baseline,11,1287.554470,1500407.104221,0.000000,0.535574,48
20,Baseline,12,1287.607691,1510232.603844,0.000000,0.531463,49
20,Baseline,13,1287.554470,1500407.104221,0.000000,0.535574,48
20,Baseline,14,1287.607691,1510232.603844,0.000000,0.531463,49
20,Baseline,15,1287.554470,1500407.104221,0.000000,0.535574,48
20,Baseline,16,1287.607691,1510232.603844,0.000000,0.531463,49
20,Baseline,17,1287.607691,1510232.603844,0.000000,0.531463,49
20,Baseline,18,1287.554470,1500407.104221,0.000000,0.535574,48
20,Baseline,19,1287.554470,1500407.104221,0.000000,0.535574,48
20,Baseline,20,1287.554470,1500407.104221,0.000000,0.535574,48
20,Baseline,21,1287.554470,1500407.104221,0.000000,0.535574,48
20,Baseline,22,1287.554470,1500407.104221,0.000000,0.535574,48
20,Baseline,23,1287.554470,1500407.104221,0.000000,0.535574,48
20,Baseline,24,1287.554470,1500407.104221,0.000000,0.535574,48
20,Baseline,25,1287.554470,1500407.104221,0.000000,0.535574,48
20,Baseline,26,1287.554470,1500407.104221,0.000000,0.535574,48
20,Baseline,27,1287.554470,1500407.104221,0.000000,0.535574,48
20,Baseline,28,1287.554470,1500407.104221,0.000000,0.535574,48
20,Baseline,29,1287.554470,1500407.104221,0.000000,0.535574,48
20,Proposed,0,1496.817041,1995705.716896,0.000000,0.720487,43
20,Proposed,1,1474.107125,1906964.340181,0.000000,0.608366,46
